DISTRICT,UPAJILA,EIIN,INSTITUTE_NAME,ADDRESS,POST,MOBAILE,MANAGEMENT,MPO
Comilla,Barura,105117,HAFIZ AHMED HIGH SCHOOL,EAKBARIA,EKABERIA,1819829452,PRIVATE,Yes
Comilla,Barura,105118,KRISHNA PUR HIGH SCHOOL,KRISHNA PUR,KOILAIN,1309105118,PRIVATE,Yes
Comilla,Barura,105119,SHAKPUR HIGH SCHOOL,SHAKPUR,SHAKPUR,1950605023,PRIVATE,Yes
Comilla,Barura,105120,SUDRA TAYAB ALI HIGH SCHOOL,SUDRA,SUDRA,1721558751,PRIVATE,Yes
Comilla,Barura,105121,POYAL GACHA TECHNICAL GIRLS HIGH SCHOOL,POYAL GOACHA,BARA HORIPUR,1818642945,PRIVATE,Yes
Comilla,Barura,105122,JOYNAGOR SCHEDUL CAST HIGH SCHOOL,JOYNAGAR,KADBA DEORA,1819196597,PRIVATE,Yes
Comilla,Barura,105123,ADDA UMEDIA HIGH SCHOOL,ADDA,ADDA BAZAR,1309105123,PRIVATE,Yes
Comilla,Barura,105124,BARHATUA HIGH SCHOOL,BARHATUA,KAMTALI,1872080800,PRIVATE,Yes
Comilla,Barura,105125,BARA KAYANI HIGH SCHOOL,BARA KAYANI,DANASHARI,1819692759,PRIVATE,Yes
Comilla,Barura,105126,SHARAFATI HIGH SCHOOL,SHARAFATI,SARAFATI,1819928395,PRIVATE,Yes
Comilla,Barura,105127,BARURA GOVT GIRLS HIGH SCHOOL,THANA ROAD BARURA,BARURA BAZER,1710801899,PUBLIC,No
Comilla,Barura,105128,BARURA HAJI NOWAB ALI PILOT HIGH SCHOOL,BARURA,BARURA BAZAR,1719852109,PRIVATE,Yes
Comilla,Barura,105129,GALIMPUR T.C. HIGH SCHOOL,GALIMPUR,GALIMPUR,1309105129,PRIVATE,Yes
Comilla,Barura,105130,KADABA TALAGRAM T.C LAHA HIGH SCHOOL,TALAGRAM,BARURA,1716059702,PRIVATE,Yes
Comilla,Barura,105131,BATAI CHARI HIGH SCHOOL,BARAHAGINA,BATAI SARI,1732313838,PRIVATE,Yes
Comilla,Barura,105132,PAYALGACHA MULTI. HGIH SCHOOL,PAYALGACHA,PAYALGACHA,1716527771,PRIVATE,Yes
Comilla,Barura,105133,HARIPUR AGANGAR HIGH SCHOOL,HARIPUR,BARA HARIPUR,1818647178,PRIVATE,Yes
Comilla,Barura,105134,AMRATALI C.ALI HIGH SCHOOL,AMRATALI,AMRATALI,1716642746,PRIVATE,Yes
Comilla,Barura,105135,PERPETY HIGH SCHOOL,PER PETI,PERPETI,1811160791,PRIVATE,Yes
Comilla,Barura,105136,CHOTA TULAGAON HIGH SCHOOL,CHHOTO TOLAGAON ,CHHOTO TOLAGAON,1818179489,PRIVATE,Yes
Comilla,Barura,105137,SHILMURI R.R. HIGH SCHOOL,SHILMURI,SHILMURI,1849967496,PRIVATE,Yes
Comilla,Barura,105138,SHASHAIYA D. M HIGH SCHOOL,SHASHAIYA,SHASHAIYA,1817064910,PRIVATE,Yes
Comilla,Barura,105139,JOUR PUKURIA HIGH SCHOOL,JOUR PUKORIA,DANISHWAR,1719723580,PRIVATE,Yes
Comilla,Barura,105140,GHOSPA C. F. U. C HIGH SCHOOL,GHOSHPA,SHILMORI,1710818316,PRIVATE,Yes
Comilla,Barura,105141,DEORA SECONDARY SCHOOL,DEORA,KADBA DEORA,1732785332,PRIVATE,Yes
Comilla,Barura,105142,SONAI MURI HIGH SCHOOL,SONAIMURI,SONAIMURI BAZAR,1712341780,PRIVATE,Yes
Comilla,Barura,105143,MOHESHPUR AZIZIA HIGH SCHOOL,MOHESHPUR,MOHESHPUR,1716279362,PRIVATE,Yes
Comilla,Barura,105144,PLIGIRI KHARUL HAZI ABBAS ALI ADDARSA HIGH SCHOOL,PILGIRI,CHOTO TULAGOAN,1817574169,PRIVATE,Yes
Comilla,Barura,105145,BHATASHWAR HIGH SCHOOL,BHATASHWAR,CHOTO TULAGOAN,1309105145,PRIVATE,Yes
Comilla,Barura,105146,NALUA MONAOHARPUR HIGH SCHOOL,NALUA,PERPETI,1309105146,PRIVATE,Yes
Comilla,Barura,105147,KEMTALI TECHNICAL HIGH SCHOOL,KEMTALI,KEMTALI,1716441448,PRIVATE,Yes
Comilla,Barura,105148,MOGGAON ADARSHA HIGH SCHOOL,MOGGAON,BHAUKSHER BAZAR,1615533365,PRIVATE,Yes
Comilla,Barura,105149,LAKSHMIPUR SHAHID SMRITE GIRLS HIGH SCHOOL,LAKSHMIPUR,MUDAFORGONJ,1721726238,PRIVATE,Yes
Comilla,Barura,105150,MAKUNDA PUR HIGH SCHOOL,MUKUNDA PUR,JHALAM  BAZAR,1768953385,PRIVATE,Yes
Comilla,Barura,105151,NARINDRAPUR NOADDA HIGH SCHOOL,NARINDRAPUR,EAKBARIA,1814824478,PRIVATE,Yes
Comilla,Barura,105152,DIMDUL ADORSHA HIGH SCHOOL,DIMDUL,DIMDOL,1817569332,PRIVATE,Yes
Comilla,Barura,105153,NALUA CHANDPUR HIGH  SCHOOL,NALUA CHAND PUR,NALUA CHANDPUR,1309105153,PRIVATE,Yes
Comilla,Barura,105154,AGANAGAR ABUL BASHIR TECHNICAL HIGH SCHOOL,AGANAGAR,BARO HARIPUR,1720107041,PRIVATE,Yes
Comilla,Barura,105155,MUGUZI MASTER SOBHAN HIGH SCHOOL,MUGUZI,SARAFATI,1817353039,PRIVATE,Yes
Comilla,Barura,105156,AGARAGRAM HIGH SCHOOL,AGRAGRAM,EGARAGRAM,1718296295,PRIVATE,Yes
Comilla,Barura,105194,RAMMOHAN TOMIZIA HIGH SCHOOL,RAMMOHAN,RAMMOHAN BAZAR,1309105194,PRIVATE,Yes
Comilla,Barura,133935,AL-AMIN I.S. RESIDENTIAL SCHOOL,PANCHTHUBI,PANCHTHUBI,1712327736,PRIVATE,No
Comilla,Barura,133959,"SUNRISE SCHOOL,BARURA",BARURA,BARURA,1819449223,PRIVATE,No
Comilla,Barura,134103,ODDA P.B.C.N. JUNIOR HIGH SCHOOL,ODDA,JHALAM BAZAR,1839093137,PRIVATE,No
Comilla,Barura,137517,LOGNOSAR EAST GOVT. PRIMARY SCHOOL,LOGNOSAR,LOGNOSAR,1727375614,GOVERNMENT PRIMARY,No
Comilla,Barura,137733,BARURA JUNIOR HIGH SCHOOL,JINSAR,BARURA,1943332705,PRIVATE,No
Comilla,Barura,138344,85 NO KHAJURIA GOVT PRIMARY SCHOOL,01 NO,POYALGACHA,1812742806,GOVERNMENT PRIMARY,No
Comilla,Barura,138396,DHULIAMURI GOVT. PRIMARY SCHOOL,03 NO,KALAKHAL,1309138396,GOVERNMENT PRIMARY,No
Comilla,Brahman Para,105196,JIROIN BOHUMUKHI HIGH SCHOOL,JIRUIN,JIRUIN,1736916181,PRIVATE,Yes
Comilla,Brahman Para,105197,POMKARA SIDDIQURE RA. AND HAKIM HIGH SCHOOL,POMKARA,EGARAGRAM,1309105197,PRIVATE,Yes
Comilla,Brahman Para,105198,NAZNEEN HIGH SCHOOL,SHIDLAI,SIDLAI,1718029541,PRIVATE,Yes
Comilla,Brahman Para,105199,TETABHUMI HIGH SCHOOL,NORTH TETABHUMI,HARIMONGAL,1309105199,PRIVATE,Yes
Comilla,Brahman Para,105200,SHIDLAI ASHRAF SECONDARY SCHOOL,SHIDLAI,SIDLAI,1309105200,PRIVATE,Yes
Comilla,Brahman Para,105201,MOHALAKSHMI PARA SHARIF HIGH SCHOOL,MOHALAKSHMI PARA,MOHALAKSHMI PARA,1309105201,PRIVATE,Yes
Comilla,Brahman Para,105202,ABDUR RAZZAK KHAN CHOWDHURY HIGH SCHOOL,DHANYADOUL,DHANYADOUL,1716338377,PRIVATE,Yes
Comilla,Brahman Para,105203,BHAGABAN GOVT. HIGH SCHOOL,BRAHMAN PARA,BRAHMAN PARA,1912205648,PUBLIC,No
Comilla,Brahman Para,105204,MADHABPUR HIGH SCHOOL,MADHOBPUR,MADHABPUR,1716965369,PRIVATE,Yes
Comilla,Brahman Para,105205,SHASHIDAL UNION HIGH SCHOOL,SHASHIDAL,SHASHIDAL,1716856221,PRIVATE,Yes
Comilla,Brahman Para,105207,DULALPUR S. M. & K. HIGH SCHOOL,DULALPUR,DULALPUR,1814414658,PRIVATE,Yes
Comilla,Brahman Para,105208,KANDUGHAR B.B.S. HIGH SCHOOL,KANDUGHAR,KANDUGHAR,1822190421,PRIVATE,Yes
Comilla,Brahman Para,105209,BARADUSHIA HIGH SCHOOL,BARADUSHIA,BARADUSHIA,1726110967,PRIVATE,Yes
Comilla,Brahman Para,105210,MALAPARA HIGH SCHOOL,MALAPARA,MALAPARA,1818594353,PRIVATE,Yes
Comilla,Brahman Para,105211,GOPAL NAGAR B.A.B. HIGH SCHOOL,GOPALNAGAR,GOPALNAGAR,1309105211,PRIVATE,Yes
Comilla,Brahman Para,105212,BERAKHALA ABDUL MATIN KHASRU GIRLS HIGH SCHOOL,BERAKHALA,BERAKHALA,1813547766,PRIVATE,No
Comilla,Brahman Para,105213,SHAHEBABAD LATIF ISMAIL HIGH SCHOOL,SHAHEBABAD,SAHEBABAD,1732946871,PRIVATE,Yes
Comilla,Brahman Para,105216,ZAHIDUL HOSSAIN HIGH SCHOOL,NAGAISH,NAGAISH,1818566531,PRIVATE,Yes
Comilla,Brahman Para,105218,M. A CHANDIPUR REZAUL HOQUE HIGH SCHOOL,ALUA,ALUA,1309105218,PRIVATE,Yes
Comilla,Brahman Para,105219,CHOWBBASH JAHANARA HIGH SCHOOL,CHOWBBASH,MANDABAG,1716268354,PRIVATE,Yes
Comilla,Brahman Para,105220,SHEIKH MUZIBUR RAHMAN HIGH SCHOOL BEJURA,BEJURA,BEJURA,1920124137,PRIVATE,Yes
Comilla,Brahman Para,105221,BAGRA MADHYAMIK BIDYALAYA,BAGRA,SALDANADI,1309105221,PRIVATE,Yes
Comilla,Brahman Para,105222,DIRGHA VOMI BANGABUNDU HIGH SCHOOL,DIRGHA VOMI,BRAHMANPARA,1309105222,PRIVATE,Yes
Comilla,Brahman Para,105223,EAST CHANDIPUR BANGABHANDU JUNIOR GIRLS SCHOOL,EAST CHANDIPUR,MALAPARA,1309105223,PRIVATE,No
Comilla,Brahman Para,105224,MAKIMPUR ABDUL MATIN KASHRU HIGH SCHOOL,MAKIMPUR,MAKIMPUR,1745929127,PRIVATE,Yes
Comilla,Brahman Para,105225,TAKAI HIGH SCHOOL,TAKAI,SAHEBABAD,1818959089,PRIVATE,Yes
Comilla,Brahman Para,137077,SHASHIDAL  GIRLS HIGH SCHOOL,SHASHIDAL,SHASHIDAL,1309137077,PRIVATE,No
Comilla,Brahman Para,137516,NALLA GOVT. PRIMARY SCHOOL,NALLA,DULALPUR,1816830139,GOVERNMENT PRIMARY,No
Comilla,Brahman Para,138610,BRAHMANPARA OCEAN HIGH SCHOOL,M A GONI ROAD,BRAHMANPARA,1867150150,PRIVATE,No
Comilla,Burichang,105256,BHARASAR HIGH SCHOOL,BHARASAR,SADAR  ICHHAPURA,1719801505,PRIVATE,Yes
Comilla,Burichang,105257,PANCHURA MADDHAMIK BIDDANIKETON,PANCHURA,CHARNAL,1710916514,PRIVATE,Yes
Comilla,Burichang,105258,LARIBAG HIGH SCHOOL,LARIBAG,SANKUCHAIL,1712084213,PRIVATE,Yes
Comilla,Burichang,105259,SUNDRAM MADHAMIK SCHOOL,SUNDRAM,JIAPUR,1818612011,PRIVATE,Yes
Comilla,Burichang,105260,CHANDSHAR HAZI MOGSUD ALI BUIYAN HIGH SCHOOL,CHANDSHAR,ZIAPUR,1309105260,PRIVATE,Yes
Comilla,Burichang,105261,KHARATAIYA HIGH SCHOOL,KHARATAIYA,KHARATAIYA GAZIPUR,1927202484,PRIVATE,Yes
Comilla,Burichang,105262,HARIPUR ADARSHA HIGH SCHOOL,HARIPUR,BURICHANG,1716610465,PRIVATE,Yes
Comilla,Burichang,105263,MOHISHMARA HIGH SCHOOL,MOHISHMARA,NANUR BAZAR,1818292944,PRIVATE,Yes
Comilla,Burichang,105264,ARAG ANANDAPUR ADARSHA HIGH SCHOOL,ARAG ANANDAPUR,BURICHANG,1818614837,PRIVATE,Yes
Comilla,Burichang,105265,SREMONTAPUR M A SATTER HIGH SCHOOL,SREMONTAPUR,KALIKAPUR,1753135106,PRIVATE,Yes
Comilla,Burichang,105266,SANKUCHAIL HIGH SCHOOL,SANKUCHAIL,SANKOCHAIL BAZAR,1309105266,PRIVATE,Yes
Comilla,Burichang,105267,RAMPUR HIGH SCHOOL,RAMPUR,RAMPUR,1710105838,PRIVATE,Yes
Comilla,Burichang,105268,BURICHONG ANANDA PILOT GOVT.HIGH SCHOOL,BURICHONG,BURICHONG,1913046858,PUBLIC,No
Comilla,Burichang,105269,BURICHANG KALI NARAYAN GIRLS HIGH SCHOOL,BURICHANG,BURICHANG,1309105269,PRIVATE,Yes
Comilla,Burichang,105270,NIMSAR HIGH SCHOOL,NIMSAR,NIMSAR,1712845248,PRIVATE,Yes
Comilla,Burichang,105271,CHHAY GRAM HIGH SCHOOL,COHOTTO HOREPUR,CHHAYGRAM BAZAR,1716612593,PRIVATE,Yes
Comilla,Burichang,105272,KAZIMUDDIN KHANDAKER HIGH SCHOOL,SHADOULOT PUR,KALAKOCHUA,1711390093,PRIVATE,Yes
Comilla,Burichang,105273,BHARELLA SHAH NURUDDIN HIGH SCHOOL,BHARELLA,BHARELLA,1832210111,PRIVATE,Yes
Comilla,Burichang,105275,PURNAMOTI MANSUR AHMED HIGH SCHOOL,PURNAMOTI,PURNAMOTI,1718055484,PRIVATE,Yes
Comilla,Burichang,105276,PIR JATRAPUTR HIGH SCHOOL,PIR JATRAPUR,PIR JATRAPUR,1748084447,PRIVATE,Yes
Comilla,Burichang,105277,PURBA HURA HIGH SCHOOL,PURBA HURA,NANUAR BAZAR,1309105277,PRIVATE,Yes
Comilla,Burichang,105278,MURSHEDA BEGUM SECONDARY SCHOOL,AGGAPUR,KALIKAPUR,1720954357,PRIVATE,Yes
Comilla,Burichang,105279,BAKSIMUL HIGH SCHOOL,BAKSIMUL,BAKSIMAIL,1716323368,PRIVATE,Yes
Comilla,Burichang,105280,TAHERA JUNAB ALI GIRLS HIGH SCHOOL ,NIMSAR,NIMSAR,1710486266,PRIVATE,Yes
Comilla,Burichang,105281,MITHILAPUR HIGH SCHOOL,MITHILAPUR,NANUAR BAZAR,1720483935,PRIVATE,Yes
Comilla,Burichang,105282,BARAIR HAZI CHERAG ALI HIGH SCHOOL,BARAIR,KABILA BAZAR,1817606676,PRIVATE,Yes
Comilla,Burichang,105283,BURICHONG HAZI FAZAR ALI HIGH SCHOOL,BURICHONG,BURICHONG,1715707718,PRIVATE,Yes
Comilla,Burichang,105284,HORIN DHARA HIGH SCHOOL,HARINDHARA,MAINAMATI BAZAR,1720099930,PRIVATE,Yes
Comilla,Burichang,105285,RAJAPUR HIGH SCHOOL,RAJAPUR,SANKUCHAIL BAZAR,1714595310,PRIVATE,Yes
Comilla,Burichang,105286,KUSMPUR HIGH SCHOOL,KUSMPUR,RAMPUR,1914532936,PRIVATE,Yes
Comilla,Burichang,105287,JAGATPUR HIGH SCHOOL,JAGATPUR,MADRASA JAGATPUR,1629805571,PRIVATE,No
Comilla,Burichang,105288,BURICHANG MODEL ACADEMY,BURICHANG ,BURICHANG,1817536945,PRIVATE,Yes
Comilla,Burichang,105289,KANGSHANAGAR HIGH SCHOOL,KANGSHANAGAR,KANSANAGAR,1743945534,PRIVATE,Yes
Comilla,Burichang,105290,BALIKHARA ABDUL MATIN KHASRU HIGH SCHOOL,BALIKHARA,BALIKHARA,1721605753,PRIVATE,Yes
Comilla,Burichang,105291,DHAKKHI SAMPUR  ALI  NEWAZ BHUIYAN TECNICAL HIGH SCHOOL,DAKSHIN SHYAMPUR,PIR JATRAPUR,1732852435,PRIVATE,Yes
Comilla,Burichang,105292,JAGATPUR GIRLS HIGH SCHOOL,JAGATPUR,MADRASHA JAGATPUR,1743909661,PRIVATE,No
Comilla,Burichang,105293,CAMBRIDGE INTERNATIONAL SCHOOL AND COLLEGE,BURICHANG,BURICHANG,1625261387,PRIVATE,No
Comilla,Burichang,105294,KAKIARCHAR IDEAL TECHNICAL HIGH SCHOOL,KAKIARCHAR,KORPAI,1812728952,PRIVATE,Yes
Comilla,Burichang,131300,BARASHWAR HIGH SCHOOL,BARESHWAR,BARESHWAR,1728421540,PRIVATE,Yes
Comilla,Burichang,134909,DHAKA MISSION SCHOOL,NIMSAR,NIMSAR,1848366880,PRIVATE,No
Comilla,Burichang,134910,SHIKERPUR HIGH SCHOOL,SHIKERPUR,SHIKERPUR,1849314815,PRIVATE,No
Comilla,Burichang,137518,DAKSHINGRAM GOVT. PRIMARY SCHOOL,DAKHINGRAM,SANKUCHAIL BAZAR,1816832477,GOVERNMENT PRIMARY,No
Comilla,Burichang,138153,JADUPUR GOVT. PRIMARY SCHOOL,JADUPUR,BURICHANG,1309138153,GOVERNMENT PRIMARY,No
Comilla,Chandina,105340,KOILAIN TULPAI HIGH SCHOOL,LAKSHMIPUR,KOILAIN,1733122795,PRIVATE,Yes
Comilla,Chandina,105341,OXFORD INTERNATIONAL SCHOOL,"HARUN TOWER, DHANSIRI",CHANDINA,1721320961,PRIVATE,No
Comilla,Chandina,105342,ABEDA NUR GIRLS HIGH SCHOOL,GALLAI,GALLAI,1718573791,PRIVATE,Yes
Comilla,Chandina,105343,ZOBEDA MAMATAZ GIRLS HIGH SHCOOL,MAHICHAIL,MAHICHAIL,1715889581,PRIVATE,Yes
Comilla,Chandina,105344,ALABOKSHA JUNIOR GIRLS SCHOOL,BARARA,BARERA,1309105344,PRIVATE,Yes
Comilla,Chandina,105345,MADHAIA BAZAR SADIM HIGH SCHOOL,MADHAIA,MADHAIA BAZAR,1814790049,PRIVATE,Yes
Comilla,Chandina,105346,ETHBARPUR AZAM HIGH SCHOOL,SAIKUT,CHILORA BAZAR,1714470429,PRIVATE,Yes
Comilla,Chandina,105347,CHANDINA DR. FIROZA PILOT GIRL'S HIGH SCHOOL,CHANDINA 5 ,CHANDINA,1309105347,PRIVATE,Yes
Comilla,Chandina,105348,CHANDINA GOVT. MODEL PILOT HIGH SCHOOL,CHANDINA,CHANDINA,17626221447,PUBLIC,Yes
Comilla,Chandina,105349,DOLLAI NOWAB PUR AHSAULLAH HIGH SCHOOL,NURPUR,DOLLAI NOWBPUR,1818023284,PRIVATE,Yes
Comilla,Chandina,105350,BARERA HIGH SCHOOL,BARERA,BARERA,1713636069,PRIVATE,Yes
Comilla,Chandina,105351,KADUTI HIGH SCHOOL,KADUTI,KADUTI,1814228034,PRIVATE,Yes
Comilla,Chandina,105352,MAHICHAIL HIGH SCHOOL,MAHICHAIL,MAHICHAIL,1716145552,PRIVATE,Yes
Comilla,Chandina,105353,AMBORPUR HIGH SCHOOL,AMBORPUR,AMBARPUR,1812451760,PRIVATE,Yes
Comilla,Chandina,105354,KANGAI HIGH SCHOOL,KANGAI,KANGAI,1309105354,PRIVATE,Yes
Comilla,Chandina,105355,MOHANPUR JANATA HIGH SCHOOL,MOHANPUR,KANGAI,1819603037,PRIVATE,Yes
Comilla,Chandina,105357,"SREEMONTAPUR HIGH SCHOOL,CHANDINA",SREEMONTAPUR,CHANDINA,1819666525,PRIVATE,Yes
Comilla,Chandina,105358,DHERERA HIGH SCHOOL,DHERERA,JHALAM,1309105358,PRIVATE,Yes
Comilla,Chandina,105359,BHOMAR KANDI HIGH SCHOOL,BHOMAR KANDI,BHOMARKANDI,1720217809,PRIVATE,Yes
Comilla,Chandina,105360,JOAG AHAMMEDIA HIGH SCHOOL,JOAG,JOAG,1819689587,PRIVATE,Yes
Comilla,Chandina,105361,A.M.F. HIGH SCHOOL,"à§¯ à¦¨à¦‚ à¦®à¦¾à¦‡à¦œà¦–à¦¾à¦°, à¦«à¦¾à¦",BADARPUR BAZAR,1819442530,PRIVATE,Yes
Comilla,Chandina,105362,BARA GOBINDAPUR ALI MIAH BHUIYAN HIGH SCHOOL,BARA GOBINDAPUR,CHANDINA,1714595352,PRIVATE,Yes
Comilla,Chandina,105363,KARTALA ADARSHA GIRLS HIGH SCHOOL,KARTALA,BHOMORKANDI,1818938652,PRIVATE,Yes
Comilla,Chandina,105364,HARONG HIGH SCHOOL,HARONG,CHANDINA,1309105364,PRIVATE,Yes
Comilla,Chandina,105365,BARKAIT UDAYAN HIGH SCHOOL,BARKAIT,BARKAIT,1716629605,PRIVATE,Yes
Comilla,Chandina,105366,KUTUMBAPUR HIGH SCHOOL,KUTUMBAPUR,SHAHARPAR,1819822029,PRIVATE,Yes
Comilla,Chandina,105367,ABEDA-NOOR HIGH SCHOOL,GALLAI,GALLAI,1710106149,PRIVATE,Yes
Comilla,Chandina,105368,PEPUIA HIGH SCHOOL,PEPUIA,BARAIYA KRISHNAPUR,1818872335,PRIVATE,Yes
Comilla,Chandina,105370,DOLLAI NOWABPUR GIRLS HIGH SCHOOL,NOWABPUR,DOLLAI NOWABPUR,1817503625,PRIVATE,Yes
Comilla,Chandina,105371,PANIPARA SHAHID SMRITI JUNIOR GIRLS SCHOOL,PANIPARA,BHOMARKANDI,1731134104,PRIVATE,Yes
Comilla,Chandina,131320,RASULPUR ADARSHA HIGH SCHOOL,RASULPUR,BADARPUR BAZAR,1740861253,PRIVATE,Yes
Comilla,Chandina,133826,ORAINE  HIGH SCHOOL,ORAINE,JOAG,1716038277,PRIVATE,Yes
Comilla,Chandina,133906,CHILORA PURBA AMBERPUR KARIGORI HIGH SCHOOL,CHILORA,CHILORA,1812742794,PRIVATE,Yes
Comilla,Chandina,134176,MATRI BHUMI MODEL SCHOOL AND COLLEGE,DHANSIRI,CHANDINA,1877761110,PRIVATE,No
Comilla,Chandina,137519,SHALCHAR GOVT. PRIMARY SCHOOL,SHALCHAR,RAMMOHAN,1718724369,GOVERNMENT PRIMARY,No
Comilla,Chandina,139131,BIR BIKRAM M A MALEK SCHOOL AND COLLEGE,CHHAYKOT,CHANDINA,1719523125,PRIVATE,No
Comilla,Chauddagram,105406,BATISA SECONDARY GIRLS SCHOOL,BATISA,BATISHA,1818734519,PRIVATE,Yes
Comilla,Chauddagram,105407,NALGHAR HIGH SCHOOL,NALGHAR,NALGHAR BAZAR,1718682461,PRIVATE,Yes
Comilla,Chauddagram,105408,MUNSHIR HAT TAHERA KHATUN GIRLS HIGH SCHOOL,MESHTALA,MESHTALI BAZAR,1309105408,PRIVATE,Yes
Comilla,Chauddagram,105409,NARAYAN PUR HIGH SCHOOL,NARAYANPUR,AMJADNAGAR,1711970810,PRIVATE,Yes
Comilla,Chauddagram,105410,PADUA SUFIA RAHMAN HIGH SCHOOL,PADUA,PADUA,1715738700,PRIVATE,Yes
Comilla,Chauddagram,105411,ALKARA HAFIZUL ISLAM CHOWDHURY HISH SCHOOL,ALKARA,ALKARA-à§¦à§¨,1815607557,PRIVATE,Yes
Comilla,Chauddagram,105413,MEAH BAZAR TOSHAN RAFIQ GIRLS HIGH SCHOOL,BALGHOR,MIAHBAZAR,1812805006,PRIVATE,Yes
Comilla,Chauddagram,105414,AMIR HOSSAIN CHOWDHURY IDEAL HIGH SCHOOL,UTTAR BETIARA,BORDAN,1812382456,PRIVATE,Yes
Comilla,Chauddagram,105415,HAZI MANIR UDDIN GIRLS HIGH SCHOOL,KARPATI/BAILPUR,MARKATA BAZAR,1817327185,PRIVATE,Yes
Comilla,Chauddagram,105416,PAYERKHOLA R.M.B.R. GIRLS HIGH SCHOOL,PAYER KHOLA,BORDOIN,1817096943,PRIVATE,Yes
Comilla,Chauddagram,105417,SHAKCHI SYED BARI HIGH SCHOOL,SHAKCHI,LATIFA SIKDER,1818020528,PRIVATE,Yes
Comilla,Chauddagram,105418,CHATIANI ADARSHA HIGH SCHOOL,CHATIANI,KHIRNASHAL,1817602182,PRIVATE,Yes
Comilla,Chauddagram,105419,GUNABATI AL FARABI HIGH SCHOOL,KARTAM,GUNABATI,1817081927,PRIVATE,Yes
Comilla,Chauddagram,105420,FELNA HIGH SCHOOL,FELNA,KHIRONSHAL,1817116082,PRIVATE,Yes
Comilla,Chauddagram,105422,BHAT BARI IDEAL HIGH SCHOOL,BHAT BARI,CHAK LAKHI PUR,1813178899,PRIVATE,Yes
Comilla,Chauddagram,105423,BHATORA KALJOYE BIDDA NIKATON,BHATORA,ROWSONABAD,1818489524,PRIVATE,Yes
Comilla,Chauddagram,105424,KAJI AHMED ALI HIGH SCHOOL,BAKGRAM,ALKARA,1815173034,PRIVATE,Yes
Comilla,Chauddagram,105425,MOSTFA KAMAL HIGH SCHOOL,KANKAPAIT,KANKAPAIT,1819019191,PRIVATE,Yes
Comilla,Chauddagram,105426,MORKOTA RABEYA ARSAD JR  HIGH SCHOOL,MORKOTA,MORKOTA BAZAR,1309105426,PRIVATE,Yes
Comilla,Chauddagram,105427,CHAUDDAGRAM H.J. GOVT. PILOT MODEL HIGH SCHOOL,SREEPUR,CHOUDDAGRAM,1309105427,PUBLIC,Yes
Comilla,Chauddagram,105428,CHOUDDAGRAM SECONDARY PILOT GIRLS HIGH SCHOOL,RAMRAIGRAM,CHOUDDAGRAM,1729645901,PRIVATE,Yes
Comilla,Chauddagram,105429,K.G. AHMED GIRLS HIGH SCHOOL,CHEORA,CHEORA,1815280508,PRIVATE,Yes
Comilla,Chauddagram,105430,PAYER KHOLA HIGH SCHOOL,PAYERKHOLA,BORDAIN,1818909596,PRIVATE,Yes
Comilla,Chauddagram,105431,BATISA SECONDARY SCHOOL,BATISA,BATISHA,1309105431,PRIVATE,Yes
Comilla,Chauddagram,105432,CHEORA B.F. HIGH SCHOOL,CHEORA,CHEORA,1817513358,PRIVATE,Yes
Comilla,Chauddagram,105433,SALAKANDI G.C HIGH SCHOOL,TULA PUSKARNI,GHOLPASHA,1819140799,PRIVATE,Yes
Comilla,Chauddagram,105434,SRIPUR PRASANNA ACADEMY,SREEPUR,SREEPUR BARI,1836155376,PRIVATE,Yes
Comilla,Chauddagram,105435,GUNABATI BOHUMUKHI HIGH SCHOOL,GUNABATI,GUNABATI,1747260730,PRIVATE,Yes
Comilla,Chauddagram,105436,KASHINAGOR B.M. HIGH SCHOOL,OLIPUR,KASHINAGOR,1727040444,PRIVATE,Yes
Comilla,Chauddagram,105437,MUNSIRHAT HIGH SCHOOL,MESTALA,MESTALI BAZAR,1309105437,PRIVATE,Yes
Comilla,Chauddagram,105438,HIGULA HASANIA HIGH SCHOOL,HIGULA,KANAKAPAIT,1732975667,PRIVATE,Yes
Comilla,Chauddagram,105439,CHANDKORA SAKADAR ALI SECONDARY SCHOOL,CHANDKORA,AKOTA BAZAR,1309105439,PRIVATE,Yes
Comilla,Chauddagram,105440,SHANGISHWOR HIGH SCHOOL,SHANGISHWOR,SANGISHWAR,1717910170,PRIVATE,Yes
Comilla,Chauddagram,105441,TARASHAIL HIGH SCHOOL,TARASHAIL,TARASHAIL,1817077880,PRIVATE,Yes
Comilla,Chauddagram,105442,KADAIR HIGH SCHOOL,KADAIR,KADAIR BAZAR,1811205627,PRIVATE,Yes
Comilla,Chauddagram,105443,DHORKARA  HIGH SCHOOL,DHORKARA,DHORKARA,1711070440,PRIVATE,Yes
Comilla,Chauddagram,105444,AMANGONDA MODEL HIGH SCHOOL,AMANGONDA DHAKA CHITTAGONG HIGH WAY,GHOLPASHA,1814855075,PRIVATE,Yes
Comilla,Chauddagram,105445,KULIARA HIGH SCHOOL,KULIARA,PATADDA,1815481891,PRIVATE,Yes
Comilla,Chauddagram,105446,KHIRONSHAL KAZI JAFOR AHMED HIGH SCHOOL,KHIRONSHAL,KHIRANSHAL,1309105446,PRIVATE,Yes
Comilla,Chauddagram,105447,DHOPA KHILA HIGH SCHOOL,DHOPAKHILA,ALKORA,1309105447,PRIVATE,Yes
Comilla,Chauddagram,105448,JOY MANGALPUR ADARSHA HIGH SCHOOL,JOY MANGALPUR,JOYMANGALPUR,1819127128,PRIVATE,Yes
Comilla,Chauddagram,105449,LUDIARA JAHIR AHMAED GIRLS HIGH SCHOOL,LUDIARA,PATADDA,1819111097,PRIVATE,Yes
Comilla,Chauddagram,105450,GUNABATI GIRLS HIGH SCHOOL,KARTAM,GUNABATI,1827114914,PRIVATE,Yes
Comilla,Chauddagram,105451,RANIR BAZAR SECONDARY SCHOOL,SHAHAPUR ,DARBESHPUR,1839218220,PRIVATE,Yes
Comilla,Chauddagram,105452,UNKOT HIGH SCHOOL,UNKOT,UNKOT,1817674926,PRIVATE,Yes
Comilla,Chauddagram,105453,BUDHARA HIGH SCHOOL,BUDHARA,GUNABARTI,1728133964,PRIVATE,Yes
Comilla,Chauddagram,105454,RAMPUR HIGH SCHOOL,RAMPUR,BIJOYKARA,1816096493,PRIVATE,Yes
Comilla,Chauddagram,105455,LAKSHMIPUR HIGH SCHOOL,LAKSHMIPUR,LAKSHIMPUR,1818594139,PRIVATE,Yes
Comilla,Chauddagram,105456,DURGAPUR  HIGH SCHOOL,DURGAPUR,KADAIR BAZAR,1817004423,PRIVATE,Yes
Comilla,Chauddagram,105457,DHONIS KARA HAFEZA KHATUN MEMORIAL HIGH  SCHOOL,DHONIS KARA,NALGHAR BAZAR,1711715304,PRIVATE,Yes
Comilla,Chauddagram,105458,FAIZUNNESA IDEAL  GIRL.S HIGH SCHOOL,OLI PUR,KASHINAGAR,1817317365,PRIVATE,No
Comilla,Chauddagram,105517,MEAH BAZAR LATIFUN NESA HIGH SCHOOL,BELGHAR,MEAH BAZAR,1819110024,PRIVATE,Yes
Comilla,Chauddagram,134510,CHOUMUHANI BAZAR MOJIBUL HAQ HIGH SCHOOL,KAIYANI,CHOUMUHANI,1711020828,PRIVATE,Yes
Comilla,Chauddagram,137515,SUKCHAIL GOVT. PRIMARY SCHOOL,SUKCHAIL,SUKCHAIL,1838475567,GOVERNMENT PRIMARY,No
Comilla,Chauddagram,138475,SYEDA ANJUMAN ARA GIRLS SCHOOL,NARANKARA,JAGANNATH DIGHI,1794778788,PRIVATE,No
Comilla,Chauddagram,138565,18 NO KALIKAPUR GOVERNMENT PRIMARY SCHOOL,KALIKAPUR,CHUPUYA MADRASA,1715031328,GOVERNMENT PRIMARY,No
Comilla,Chauddagram,138693,BIJOYKARA GOVERNMENT PRIMARY SCHOOL,BIJOYKARA,BIJOYKARA,1778566866,GOVERNMENT PRIMARY,No
Comilla,Sadar Dakshin,105699,KALI BAZAR SECONDARY SCHOOL,MONIPUR,KALI BAZAR,1715035105,PRIVATE,Yes
Comilla,Sadar Dakshin,105700,SHALBON HIGH SCHOOL,SHALMANPUR,KOTBARI,1788530464,PRIVATE,Yes
Comilla,Sadar Dakshin,105701,BARAPARA AMENA BEGUM GIRLS HIGH SCHOOL,BARAPARA,BIJOYPUR,1817072113,PRIVATE,Yes
Comilla,Sadar Dakshin,105703,OLIR BAZAR ADARSHA HIGH SHCOOL,JORPUSKARNI,OLIR BAZAR,1818081145,PRIVATE,Yes
Comilla,Sadar Dakshin,105704,KAMALPUR HIGH SCHOOL,KAMOLPUR,KAMOLPUR,1716396806,PRIVATE,Yes
Comilla,Sadar Dakshin,105705,SHAKTALA HIGH SCHOOL,SHAKTALA LAKSHAM ROAD COMILLA,COMILLA,1818024124,PRIVATE,Yes
Comilla,Sadar Dakshin,105706,KOMALLA SECONDARY SCHOOL,KHEAIS,BALURCHAR,1734000386,PRIVATE,Yes
Comilla,Sadar Dakshin,105707,RAJAPARA M.M.ALI GIRLS HIGH SCHOOL,RAJAPARA,RAJAPARA,1716432765,PRIVATE,Yes
Comilla,Sadar Dakshin,105709,GOVERNMENT LABORATORY HIGH SCHOOL,KOTBARI,KOTBARI,1817128435,PUBLIC,No
Comilla,Sadar Dakshin,105710,"JANGALIA POWER DEVELOPMENT BOARD  HIGH SCHOOL, COMILLA",JANGALIA,COMILLA,1309105710,PRIVATE,No
Comilla,Sadar Dakshin,105711,CHOWARA M.M SECONDARY SCHOOL,ULORCHOR,BAZAR CHOWARA,1836287811,PRIVATE,Yes
Comilla,Sadar Dakshin,105712,BIJOYPUR HIGH SCHOOL,DURGAPUR,BIJOYPUR,1813770921,PRIVATE,Yes
Comilla,Sadar Dakshin,105713,KANESH TALA  HIGH SCHOOL,KANESHTALA,BALURCHAR,1842085783,PRIVATE,Yes
Comilla,Sadar Dakshin,105714,NEWRA M.I.HIGH SCHOOL,NEWRA/131,RAJA PARA,1554347954,PRIVATE,Yes
Comilla,Sadar Dakshin,105715,NAZRUL  ACADEMY,HEMZORA,PIPULIA BAZAR,1726233612,PRIVATE,Yes
Comilla,Sadar Dakshin,105717,BELTALI HIGH SCHOOL,RAM NAGAR,ELAHIPUR,1309105717,PRIVATE,Yes
Comilla,Sadar Dakshin,105718,BAMISHA HAZI A. ALI HIGH SCHOOL,KING BAMISHA,BAMISHA,1712399249,PRIVATE,Yes
Comilla,Sadar Dakshin,105719,SUVAPUR MONOYARA JUNIOR HIGH SCHOOL,SUVAPUR,BALUR CHAR,1723820323,PRIVATE,Yes
Comilla,Sadar Dakshin,105720,DHANESHWAR SECONDARY,DHANESHWAR,RAJAPARA,1881004580,PRIVATE,Yes
Comilla,Sadar Dakshin,105721,LALBAG ROWSHAN ASHRAF HIGH SCHOOL,LALBAG,LALBAG,1721829833,PRIVATE,Yes
Comilla,Sadar Dakshin,105722,CHOWARA GIRLS HIGH SCHOOL,"ULURCHAR, COMILLA-CHATTOGRAM TRANK ROAD",BAZAR CHOWARA,1811343059,PRIVATE,Yes
Comilla,Sadar Dakshin,105723,LOLBARIA HIGH SCHOOL,LOLBARIA,BIJOYPUR,1711737643,PRIVATE,Yes
Comilla,Sadar Dakshin,105724,GOAL GAON M. A. HIGH SCHOOL,GOALGAON,DANPUR,1814319939,PRIVATE,Yes
Comilla,Sadar Dakshin,105725,SHISPUR HAJI RAZA MIA HIGH SCHOOL,SHISPUR,PIPULIA BAZAR,1819132038,PRIVATE,Yes
Comilla,Sadar Dakshin,105726,LALMAI HIGH SCHOOL,BORO DHARMAPUR,LALMAI,1726820330,PRIVATE,Yes
Comilla,Sadar Dakshin,105727,MADHYAM BIJOYPUR ADARSHA HIGH SCHOOL,ONE NUMBER MADHYAM BIJOY PUR,BIJOYPUR,1716293105,PRIVATE,Yes
Comilla,Sadar Dakshin,105728,BATABARIA GIRL'S HIGH SCHOOL,BATABARIA,HALIMANAGOR,1715217194,PRIVATE,Yes
Comilla,Sadar Dakshin,105729,BHOBUNPUR PANCHAGRAM HIGH SCHOOL,BHOBUNPUR,SUAGANJ,1715503224,PRIVATE,Yes
Comilla,Sadar Dakshin,131304,COMILLA RESIDENTIAL SCHOOL,LAKSAM ROAD,ELAHIPUR,8162052,PRIVATE,No
Comilla,Sadar Dakshin,131316,RAZAR KHOLA HIGH SCHOOL,RAZAR KHOA,BIJOYPUR,1818842599,PRIVATE,Yes
Comilla,Sadar Dakshin,134271,COMILLA IDEAL SCHOOL & COLLEGE,"GONDHMOTI, COTBARI.",KOTIBARI,1718345785,PRIVATE,No
Comilla,Sadar Dakshin,134912,BORDER GUARD PUBLIC SCHOOL,BGB,KOTBARI,1769617441,PRIVATE,Yes
Comilla,Sadar Dakshin,137631,BANGLADESH PALLY UNNAYAN ACADEMY MODEL SCHOOL,BARD CAMPUS,KOTBARI,1944774099,PRIVATE,No
Comilla,Sadar Dakshin,138365,BEPZA PUBLIC SCHOOL AND COLLEGE,"EPZ ROAD, MADDHAM ASHRAFPUR",COMILLA,1717518007,PRIVATE,No
Comilla,Daudkandi,105369,CHINA MURA L N HGIH SCHOOL,CHINAMURA,CHINAMURA,1813606049,PRIVATE,Yes
Comilla,Daudkandi,105520,DAUDKANDI ADARSHA  HIGH SCHOOL,DAUDKANDI,DAUDKANDI,1712165195,PRIVATE,Yes
Comilla,Daudkandi,105521,SOUTH NARANDIA HIGH SCHOOL,NARANDIA,RAFARDIA,1736342683,PRIVATE,Yes
Comilla,Daudkandi,105523,SUNDAL PUR HIGH SCHOOL,SUNDALPUR,DASPARA,1823221480,PRIVATE,Yes
Comilla,Daudkandi,105524,HATKHOLA ML HIGH SCHOOL,464,HATKHOLA,1834030464,PRIVATE,Yes
Comilla,Daudkandi,105526,SREERAYER CHAR S.I.M. HIGH SCHOOL,SREERAYER CHAR,SREERAYER CHAR,1718907405,PRIVATE,Yes
Comilla,Daudkandi,105530,DAUDKANDI POURASAVA HIGH SCHOOL,TUZERVANGA,DAUDKANDI,1725104835,PRIVATE,Yes
Comilla,Daudkandi,105531,ELLIOTGONJ R.B.HIGH SCHOOL,MUBARAKPUR,ELIOTGONJ,1710819589,PRIVATE,Yes
Comilla,Daudkandi,105533,KAWADI HIGH SCHOOL,KAWADI,KAWADI,1813530666,PRIVATE,Yes
Comilla,Daudkandi,105534,BARAPARA FULMATI GIRLS' HIGH SCHOOL,BARAPARA,GOURIPUR,1309105534,PRIVATE,Yes
Comilla,Daudkandi,105535,SHAHID NAGAR M.A JALIL HIGH SCHOOL,CHANDGAON,CHANDGAON,1309105535,PRIVATE,Yes
Comilla,Daudkandi,105538,GOAL MARI HAZRAT A.K.J (R) HIGH SCHOOL,GOALMARI,GOALMARI,1823390845,PRIVATE,Yes
Comilla,Daudkandi,105539,GOURIPUR BILKIS MOSHARRAF GIRLS HIGH SCHOOL,GOURIPUR,GOURIPUR,1819117605,PRIVATE,Yes
Comilla,Daudkandi,105542,CHASAI HIGH SCHOOL,CHASAI,CHASAI,1881135145,PRIVATE,Yes
Comilla,Daudkandi,105544,KHONDAKER KABIR UDDIN HIGH SCHOOL,PANCHGACHHIA,PACHGACHIA,1824216464,PRIVATE,Yes
Comilla,Daudkandi,105545,BEGUM AMAENA SULTAN GOVT.GIRLS HIGH SCHOOL,DAUDKANDI,DAUDKANDI,1309105545,PUBLIC,No
Comilla,Daudkandi,105546,GOURI PUR SUBAL AFTAB HIGH SCHOOL,HAT CHANDINA,GOURIPUR,1819659574,PRIVATE,Yes
Comilla,Daudkandi,105547,MALIGAON ADARSHA HIGH SCHOOL,MALIGAON,BAYNAGAR,1717920733,PRIVATE,Yes
Comilla,Daudkandi,105548,RAIPUR K.C HIGH SCHOOL,SINGULA,GRAM RAIPUR,1845652499,PRIVATE,Yes
Comilla,Daudkandi,105549,JAMAL KANDI OSMANIA HIGH SCHOOL,JAMALKANDI,GOALMARI,1309105549,PRIVATE,No
Comilla,Daudkandi,105551,PANCHGACHIA UNION HIGH SCHOOL, SADARDIA,RAFARDIA,1815818114,PRIVATE,Yes
Comilla,Daudkandi,105552,CHAR GOALI KHANDAKER NAZIR AHMED M.L HIGH SCHOOL,CHAR GOALI,CHAR GOALI,1731671236,PRIVATE,Yes
Comilla,Daudkandi,105553,JURANPUR KARIMUNNESA HIGH SCHOOL,JURANPUR,JURANPUR,1309105553,PRIVATE,Yes
Comilla,Daudkandi,105554,NABAGRAM ADARSHA HIGH SCHOOL,KALASONA,KALA SONA,1817549092,PRIVATE,Yes
Comilla,Daudkandi,105556,NAIYAIR DR.KHANDAKER MOSHARRAF HOSSAIN HIGH SCHOOL,NAIYAIR,NAIYAIR,1829738217,PRIVATE,Yes
Comilla,Daudkandi,105557,BEGUM KHORSHEDA-KALOMIANHIGHSCHOOL,HASONPUR 315/1,HASANPUR GOV. COLLEGE,1799235521,PRIVATE,Yes
Comilla,Daudkandi,105972,BAHER CHAR FAZLUL HOQUE HIGH SCHOOL,BAHERCHAR,BAHERCHAR,1715985234,PRIVATE,Yes
Comilla,Daudkandi,134286,ANANDA MULTIMEDIA SCHOOL (ENGLISH MEDIUM),"GOURIPUR BAZAR, LAXMIPUR ROAD",GOURIPUR,1824996555,PRIVATE,No
Comilla,Daudkandi,137514,SARKAPUR GOVT. PRIMARY SCHOOL,SARKAPUR,GOURIPUR,1718929066,GOVERNMENT PRIMARY,No
Comilla,Daudkandi,138334,62NO ICHAPUR GOVERNMENT PRIMARY SCHOOL,ICHAPUR,ICHAPUR,1817668755,GOVERNMENT PRIMARY,No
Comilla,Daudkandi,138590,VOYAGER ENGLISH SCHOOL AND COLLEGE,"ANNGAURA, GOURIPUR, HOMNA ROAD.",GOURIPUR,1819985018,PRIVATE,No
Comilla,Debidwar,105584,KHALIL PUR HIGH SCHOOL,KHALILPUR,KHALILPUR,1712909841,PRIVATE,Yes
Comilla,Debidwar,105585,CHHOTNA MODEL HIGH SCHOOL,CHHOTNA,CHHOTNA,1726469517,PRIVATE,Yes
Comilla,Debidwar,105586,MOHANPUR HIGH SCHOOL,MMOHANPUR,MOHANPUR BAZAR,1714297429,PRIVATE,Yes
Comilla,Debidwar,105587,MOHESH PUR HIGH SCHOOL,MAHESHPUR,PIR MAHESHPUR,1715735896,PRIVATE,Yes
Comilla,Debidwar,105588,CHANDPUR MODEL TECHNICAL HIGH SCHOOL,CHANDPUR,KHALILPUR,1817617658,PRIVATE,Yes
Comilla,Debidwar,105589,NURPUR M ALI AND A BARI HIGH SCHOOL,NURPUR,KHALILPUR,1309105589,PRIVATE,Yes
Comilla,Debidwar,105590,PROJAPATI D.L.HIGH SCHOOL,PROJAPATI,PRAJAPOTI,1973148583,PRIVATE,Yes
Comilla,Debidwar,105591,BURIR PAR HIGH SCHOOL,BURIR PAR,SUBIL,1818951210,PRIVATE,Yes
Comilla,Debidwar,105592,MORICHAKANDA ZIA SMRITY ADARSHA HIGH SCHOOL,MORICHAKANDA,MORICHAKANDA,1814443147,PRIVATE,Yes
Comilla,Debidwar,105593,BARASHAL GHAR U.M. A. HIGH SCHOOL,BARASHAL GHAR,BARASHALGHAR,1732386812,PRIVATE,Yes
Comilla,Debidwar,105594,MARICHA SAYED ALI HIGH SCHOOL,MARICHA,MARICHA,1817629366,PRIVATE,Yes
Comilla,Debidwar,105595,BANGURI HIGH SCHOOL,BANGURI,BANGURI,1.78891E+18,PRIVATE,Yes
Comilla,Debidwar,105596,DEBIDWAR MOFIZ UDDIN AHMED PILOT GIRLS HIGH SCHOOL,DEBIDWAR,DEBIDWAR,1744234115,PRIVATE,Yes
Comilla,Debidwar,105597,DEBIDWAR REAZ UDDIN PILOT GOVT. MODEL HIGH SCHOOL,DEBIDWAR,DEBIDWAR,1711739865,PUBLIC,No
Comilla,Debidwar,105598,GANGAMANDAL RAJ INSTITUTION,JAFARGANJ,GANGAMANDAL,1309105598,PRIVATE,Yes
Comilla,Debidwar,105599,ABDULLAPUR HAZI AMIR HIGH SCHOOL,Gopalpur,RASHULPUR,1309105599,PRIVATE,Yes
Comilla,Debidwar,105600,CHAR BAKOR HIGH SCHOOL,CHAR BAKOR,CHARBAKOR,1818566580,PRIVATE,Yes
Comilla,Debidwar,105601,ALAHABAD HIGH SCHOOL,ELAHABAD,ALAHABAD,1840618236,PRIVATE,Yes
Comilla,Debidwar,105602,GOPAL NAGAR HIGH SCHOOL,GOPALNAGAR,NOBIPUR,1920824458,PRIVATE,Yes
Comilla,Debidwar,105603,DHAMPTI HABIBUR RAHMAN HIGH SCHOOL,DHAMPTI,DHAMPTI,1814778783,PRIVATE,Yes
Comilla,Debidwar,105604,FATEHABAD HIGH SCHOOL,FATEHABAD,FATEHABAD MOKAMBARI,1817536124,PRIVATE,Yes
Comilla,Debidwar,105605,FULTALI HIGH SCHOOL,FULTALI,FULTALI,1814933558,PRIVATE,Yes
Comilla,Debidwar,105606,BHIRALLA S.K. HIGH SCHOOL,BHIRALLA,BALIBARI,1813851126,PRIVATE,Yes
Comilla,Debidwar,105607,BAKASHER HIGH SCHOOL,BAKASAR,UNJUHTY,1739811180,PRIVATE,Yes
Comilla,Debidwar,105608,MASHIKARA HIGH SCHOOL,MASHIKARA,MASHIKARA,1735819448,PRIVATE,Yes
Comilla,Debidwar,105609,NABIA BAD HIGH SCHOOL,NABIYA BAD,CHANDINA,1720669540,PRIVATE,Yes
Comilla,Debidwar,105610,BALLA VPUR SECONDARY SCHOOL,BALLAVPUR,BALLAVPUR,1914786422,PRIVATE,Yes
Comilla,Debidwar,105611,RAJAMEHAR HIGH SCHOOL,RAJAMEHAR,RAJAMEHAR,1712091243,PRIVATE,Yes
Comilla,Debidwar,105612,SAICHAPARA B.J. M. A. MAZID HIGH SCHOOL,SAICHAPARA,GONGAMONDAL,1714705487,PRIVATE,Yes
Comilla,Debidwar,105613,MOHAMMADPUR A. R HIGH SCHOOL,MOHAMMADPUR,MOHAMMADPUR BAZAR,1814433092,PRIVATE,Yes
Comilla,Debidwar,105614,KURCHHAP HIGH SCHOOL,,KURCHHAP,1309105614,PRIVATE,Yes
Comilla,Debidwar,105615,TULAGAON DR. MOHABBAT ALI HIGH SCHOOL,TULAGOAN,SULTANPUR,1817310670,PRIVATE,Yes
Comilla,Debidwar,105616,BAKRI KANDI ADARSHA HIGH SCHOOL,BAKRIKANDI,MADYA NAGAR,1309105616,PRIVATE,Yes
Comilla,Debidwar,105617,SURJAPUR HIGH SCHOOL,SURJAPUR,SHAHARPAR,1309105617,PRIVATE,Yes
Comilla,Debidwar,105618,MORICHA KANDA ADARSHA HIGH SCHOOL,MORICHAKANDA,MORICHAKANDA,1716751368,PRIVATE,Yes
Comilla,Debidwar,105619,MUGSHAIR AGARAGRAM HIGH SCHOOL,MUGSHAIR,AGARAGRAM,1712956448,PRIVATE,Yes
Comilla,Debidwar,105620,JAFORGONJ BEGUM MAZEDA AHSAN MUNSI GIRLS HIGH SCHOOL,JAFORGONJ,GONGA MONDAL,1814223604,PRIVATE,Yes
Comilla,Debidwar,105622,DEBIDWAR ALIHAJ AJGOR ALI MUNSHI GIRLS HIGH SCHOOL,DEBIDWAR,DEBIDWAR,1309105622,PRIVATE,Yes
Comilla,Debidwar,105623,BARUR ALI HOSSAIN HIGH SCHOOL,BARUR,CHAR BAKOR,1848344941,PRIVATE,Yes
Comilla,Debidwar,105624,BHANI IDEAL HIGH SCHOOL,BHANI,MADAIYA BAZAR,1814830847,PRIVATE,Yes
Comilla,Debidwar,105625,KHAIRABAD ADARSHA HIGH SCHOOL,KHAIRABAD,GANGAMONDAL,1714297868,PRIVATE,Yes
Comilla,Debidwar,105626,HAZI ABID ALI HIL FUL FUZUL ADARSHA HIGH SCHOOL,CHANDINA ROAD,DEBIDWAR,1726273927,PRIVATE,Yes
Comilla,Debidwar,105627,SHAITALA AL HAJ JUNAB ALI HIGH SCHOOL,SHAITALA,MARICHA,1837183866,PRIVATE,Yes
Comilla,Debidwar,105628,FATEHABAD KARIGORI JUNIOR SCHOOL,FATEHABAD,MORICAKANDA,1720481994,PRIVATE,No
Comilla,Debidwar,105629,BEHAR  MONDAL GIRLS HIGH SCHOOL,BEHAR MONDAL,FULTALI,1309105629,PRIVATE,No
Comilla,Debidwar,131192,YOSUFPUR IDEAL JUNIOR SCHOOL,YOUSUFPUR,YOSUFPUR,1309131192,PRIVATE,No
Comilla,Debidwar,131212,CHULASH IDEAL HIGH SCHOOL,CHULASH,MARICHA,1835414070,PRIVATE,Yes
Comilla,Debidwar,133728,OXFORD INTERNATIONAL SCHOOL,CHOTO ALAMPUR,DEBIDWAR,1813030771,PRIVATE,No
Comilla,Debidwar,135223,BARKAMTA NALINI SHISKHA NIKATAN JUNIOR SCHOOL,BARKAMTA,CHANDINA,1715480148,PRIVATE,No
Comilla,Debidwar,137512,ALAMPUR MODEL GOVT. PRIMARY SCHOOL,BAROALAMPUR,DEBIDWAR,1817545944,GOVERNMENT PRIMARY,No
Comilla,Debidwar,138308,RADHANAGAR JUNIOR HIGH SCHOOL,RADHANAGAR,RADHANAGAR,1705596239,PRIVATE,No
Comilla,Debidwar,138309,JALAL UDDIN AHAMED FOUNDATION SCHOOL AND COLLEGE,BANIAPARA,DEBIDWAR,1876030367,PRIVATE,No
Comilla,Debidwar,138361,ASADNAGAR GOVERNMENT PRIMARY SCHOOL,ASADSNAGAR,NURMANIKCHOR,1721117077,GOVERNMENT PRIMARY,No
Comilla,Homna,105669,RAMKRISHNA PUR K.K.R HIGH SCHOOL,RAMKRISHNA PUR,RAMKRISHNA PUR,1718357366,PRIVATE,Yes
Comilla,Homna,105670,GHARMORA A.K.M. FAZLUL HOQUE MOLLAH HIGH SCHOOL,GHARMORA,GHARMORA,1817627829,PRIVATE,Yes
Comilla,Homna,105671,DULALPUR CHANDRAMONI HIGH SCHOOL,DULALPUR,DULALPUR BAZAR,1309105671,PRIVATE,Yes
Comilla,Homna,105672,ASADPUR HAZI SIRAZ- UD-DOWLLA FARUQI HIGH SCHOOL,ASADPUR,GHANIARCHAR,1715988658,PRIVATE,No
Comilla,Homna,105673,HOMNA ADARSHA HIGH SCHOOL,HOMNA,HOMNA,1712001726,PRIVATE,Yes
Comilla,Homna,105674,HOMNA GOVT.HIGH SCHOOL,HOMNA SADAR,HOMNA,1850824722,PUBLIC,No
Comilla,Homna,105675,HOMNA KAFIL UDDIN PILOT GIRLS HIGH SCHOOL,HOMNA,HOMNA,1711004864,PRIVATE,Yes
Comilla,Homna,105676,KHADIZA MEMORIAL GIRLS HIGH SCHOOL,HOMNA,HOMNA,1309105676,PRIVATE,Yes
Comilla,Homna,105677,MATHABHANGA BHAIRAB HIGH SCHOOL,SAYFULLAH KANDI,MATHABHANGA,1309105677,PRIVATE,Yes
Comilla,Homna,105678,KALAGACHIA M. A. HIGH SCHOOL,KALAGACHIA,MONIPUR,1812785396,PRIVATE,Yes
Comilla,Homna,105679,NURUL ISLAM HIGH SCHOOL,BAHER KALMINA,DULALPUR BAZAR,1309105679,PRIVATE,Yes
Comilla,Homna,105680,KASHIPUR HASHEMIA HIGH SCHOOL,KASHIPUR,KASHIPUR,1309105680,PRIVATE,Yes
Comilla,Homna,105681,KAMAL SMRITY GIRLS HIGH SCHOOL,RAMKRISHNAPUR,RAMKRISHNA PUR,1875141280,PRIVATE,Yes
Comilla,Homna,105682,DAULATPUR HIGH SCHOOL,DAULATPUR,DAULATPUR,1731226044,PRIVATE,Yes
Comilla,Homna,105683,GHANIAR CHAR HIGH SCHOOL,GHANIAR CHAR,GHANIARA CHAR,1733685484,PRIVATE,Yes
Comilla,Homna,105684,NILOKHI  HIGH  SCHOOL,NILOKHI,CHAMPAKNAGOR,1819489637,PRIVATE,Yes
Comilla,Homna,137520,SHOVARAMPUR-1 GOVT. PRIMARY SCHOOL,SHOVARAMPUR,RAMCHANDAPUR,1724721969,GOVERNMENT PRIMARY,No
Comilla,Homna,139207,DARICHAR HIGH SCHOOL,DARICHAR,DARICHAR,1842836430,PRIVATE,No
Comilla,Comilla Adarsha Sadar,105752,DHANUAKHLAL ADARSHA HIGH SCHOOL,DHANUAKHLA,SORATNAGOR,1992476956,PRIVATE,Yes
Comilla,Comilla Adarsha Sadar,105753,SYEDPUR HIGH SCHOOL,SYEDPUR,SORATNAGOR,1731917018,PRIVATE,Yes
Comilla,Comilla Adarsha Sadar,105754,BHUBANGHAR ABUL HASEM ABBASIA HIGH SCHOOL,BHUBANGHAR,BHUBANGHAR,1780113377,PRIVATE,Yes
Comilla,Comilla Adarsha Sadar,105755,COMILLA YUSUF HIGH SCHOOL,BAZRAPUR /22,COMILLA ,1558384087,PRIVATE,Yes
Comilla,Comilla Adarsha Sadar,105756,COMILLA ISWAR PATHSALA HIGH SCHOOL,LAKSHAM,COMILLA,1725800535,PRIVATE,Yes
Comilla,Comilla Adarsha Sadar,105758,B.A. MUSLIM MULTILATERAL  HIGH SCHOOL,ANANDASHAR,RAGANDRAPUR,1309105758,PRIVATE,Yes
Comilla,Comilla Adarsha Sadar,105759,RAFIQUDDIN MEMORIAL HIGH SCHOOL,P675/812 KATABIL,COMILLA,1716075474,PRIVATE,Yes
Comilla,Comilla Adarsha Sadar,105760,ISLAMIA ADARSHA HIGH SCHOOL,ISLAMPUR/006400,COMILLA,1816549260,PRIVATE,Yes
Comilla,Comilla Adarsha Sadar,105762,NAWAB FAIZUNNESSA GOVT. GIRL'S HIGH SCHOOL,BADUR TALA,COMILLA,1912358466,PUBLIC,No
Comilla,Comilla Adarsha Sadar,105763,TAJ ROWSHON HIGH SCHOOL,KAPTAN BAZAR. 0209-00,COMILLA,1783492794,PRIVATE,Yes
Comilla,Comilla Adarsha Sadar,105764,HOSSAMIA LUTFNNESSA GIRLS SCHOOL,SOUTH CHARTHA,COMILLA-3500,1907132000,PRIVATE,Yes
Comilla,Comilla Adarsha Sadar,105765,"CANTONMENT BOARD GIRL'S HIGH SCHOOL, COMILLA",CANTONMENT,COMILLA CANTT.,1712542090,PRIVATE,No
Comilla,Comilla Adarsha Sadar,105766,POLICE LINE HIGH SCHOOL,POLICE LINE,COMILLA,1309105766,PRIVATE,Yes
Comilla,Comilla Adarsha Sadar,105767,COMILLA MODERN HIGH SCHOOL,NAZRUL AVENUE ROAD,COMILLA,1816073364,PRIVATE,Yes
Comilla,Comilla Adarsha Sadar,105768,DEEDAR MODEL HIGH SCHOOL,BALARAMPUR,HALIMANOGAR,1309105768,PRIVATE,Yes
Comilla,Comilla Adarsha Sadar,105769,CANTONMENT BOARD MADHYMIC BIDYALAYA,COMILLA CANTONMENT,COMILLA CANTONMENT,1716841007,PRIVATE,No
Comilla,Comilla Adarsha Sadar,105770,COMILLA ZILLA SCHOOL,1ST KANDIR PAR,COMILLA,1821591417,PUBLIC,No
Comilla,Comilla Adarsha Sadar,105771,RAZZAK HIGH SCHOOL,"PLOT NO-14, SECTION-2, BLOCK-C",COMILLA,1309105771,PRIVATE,Yes
Comilla,Comilla Adarsha Sadar,105772,SUBRATI SHAHAJADI M.M HIGH SCHOOL,NOAPARA,HALIMANAGOR,1309105772,PRIVATE,Yes
Comilla,Comilla Adarsha Sadar,105773,OUR LADY OF FATIMA GIRLS HIGH SCHOOL,"153/144 FIRST KANDIRPAR,COMILLA",CMUILLA,1716492295,PRIVATE,Yes
Comilla,Comilla Adarsha Sadar,105774,COMILLA VICTORIA COLLEGIATE SCHOOL,MONOHORPUR,COMILLA,1818715184,PRIVATE,Yes
Comilla,Comilla Adarsha Sadar,105775,"COMILLA HIGH SCHOOL, COMILLA",MOGOLTULI 361,COMILLA-3500,1819111137,PRIVATE,Yes
Comilla,Comilla Adarsha Sadar,105776,SHAILA RANI DEVI MUPL.GIRLS HIGH SCHOOL,BAZRAPUR (PART),COMILLA,1717685249,PRIVATE,Yes
Comilla,Comilla Adarsha Sadar,105777,RASULPUR M.L. HIGH SCHOOL,RASULPUR,SADAR RASULPUR,1818688547,PRIVATE,Yes
Comilla,Comilla Adarsha Sadar,105778,KALIR BAZAR U.P. HIGH SCHOOL,KALIR BAZAR,KALIR HAT,1821466528,PRIVATE,Yes
Comilla,Comilla Adarsha Sadar,105779,BIBIR BAZAR HIGH SCHOOL,RAJMONGOLPUR,BIBIR BAZAR,1816155835,PRIVATE,Yes
Comilla,Comilla Adarsha Sadar,105780,COMILLA CANTONMENT HIGH SCHOOL,COMILLA CANTONMENT,COMILLA CANT,1712582682,PRIVATE,No
Comilla,Comilla Adarsha Sadar,105781,HUSAMIAH HIGH SCHOOL,UUTOR CHORTHA,COMILLA,1717180106,PRIVATE,Yes
Comilla,Comilla Adarsha Sadar,105782,RAILWAY PUBLIC HIGH SCHOOL,"DHARMAPUR, STATION ROAD",COMILLA,1760228844,PRIVATE,Yes
Comilla,Comilla Adarsha Sadar,105783,FARIDA BIDYAYATAN,NAZRUL EVENUE,CIMILLA,1736516287,PRIVATE,Yes
Comilla,Comilla Adarsha Sadar,105784,BANASUA BIRANDRA HIGH SCHOOL,BANASUA,BANASUA BAZAR,1715920264,PRIVATE,Yes
Comilla,Comilla Adarsha Sadar,105785,BONDI SHAHI HIGH SCHOOL,SHAHAPUR,SAHAPUR DARGA SARIF,1715202341,PRIVATE,Yes
Comilla,Comilla Adarsha Sadar,105786,DURLOVPUR MODEL HIGH SCHOOL,DURLOVPUR,ANANDAPUR,1819929660,PRIVATE,Yes
Comilla,Comilla Adarsha Sadar,105787,RATNABOTI ALI AMENA HIGH SCHOOL,RATNABOTI,BANASUA,1716789894,PRIVATE,Yes
Comilla,Comilla Adarsha Sadar,105788,AMRATALI HIGH SCHOOL,AMRATALI,SHAHEMADINA MADRASHA,1721267931,PRIVATE,Yes
Comilla,Comilla Adarsha Sadar,105789,SBURNAPUR HIGH SCHOOL,SUBARNAPUR,COMILLA,1717536126,PRIVATE,Yes
Comilla,Comilla Adarsha Sadar,105790,SHIMPUR HIGH SCHOOL,SHIMPUR,SHIMPUR,1818847633,PRIVATE,Yes
Comilla,Comilla Adarsha Sadar,105791,KAMLAPUR GIRLS HIGH SCHOOL,KAMLAPUR,SHOROT NOGOR,1712135376,PRIVATE,Yes
Comilla,Comilla Adarsha Sadar,105792,RAZAPUR FAIZUNNESSA GIRLS HIGH SCHOOL,RAJAPUR,RAJANDRAPUR,1309105792,PRIVATE,Yes
Comilla,Comilla Adarsha Sadar,105793,RAGOPUR SAHID MANIK MALEK SRITI HIGH SCHOOL,RAGOPUR,RAJAPARA,1717518170,PRIVATE,Yes
Comilla,Comilla Adarsha Sadar,105794,BAZGADRA HIGH SCHOOL,BAZGODDA,CHAPAPUR,1731789276,PRIVATE,Yes
Comilla,Comilla Adarsha Sadar,105795,DHANUAISH  HIGH SCHOOL,DHANUAISH,KALIRHAT,1712513334,PRIVATE,Yes
Comilla,Comilla Adarsha Sadar,105796,MAJIGACHA AKTERUZZAMAN HIGH SCHOOL,MAJIGACHA,SIMPUR,1748272742,PRIVATE,Yes
Comilla,Comilla Adarsha Sadar,105797,NARGIS AFZAL GIRLS HIGH SCHOOL,JASAPUR,KALIRHAT,1711041502,PRIVATE,Yes
Comilla,Comilla Adarsha Sadar,105798,AFZAL KHAN JALUA PARA GIRLS HIGH SCHOOL,JALUAPARA,COMILLA,1715706244,PRIVATE,Yes
Comilla,Comilla Adarsha Sadar,105799,ACHIYA GONI GIRLS HIGH SCHOOL,RASULPUR PALPARA,BANASUA,1722172223,PRIVATE,Yes
Comilla,Comilla Adarsha Sadar,105800,HASMATER NESSA GIRLS HIGH SCHOOL,VOTOA KAMALPUR,ALNANDAPUR,1752335705,PRIVATE,Yes
Comilla,Comilla Adarsha Sadar,105801,BAKHRABAD GAS ADARSHA BIDYALAYA,CHAPAPUR,CHAPAPUR,1717024685,PRIVATE,No
Comilla,Comilla Adarsha Sadar,105802,SONGRAISH SALEHA GIRL'S HIGH SCHOOL,SONGRAISH,COMILLA,1712085117,PRIVATE,Yes
Comilla,Comilla Adarsha Sadar,131208,ANANDA PUR JUNIOUR HIGH SCHOOL,ANANDAPUR,ANANDAPUR WOMEN'S COLLEGE,1817352598,PRIVATE,No
Comilla,Comilla Adarsha Sadar,131226,ROSE GARDEN INTER NATIONAL SCHOOL,"BISHNUPUR, COMILLA.",COMILLA,1717295079,PRIVATE,No
Comilla,Comilla Adarsha Sadar,131235,MALEKA MOMATAZ GIRLS HIGH SCHOOL,"CHOTORA , NO 251",COMILLA- 3500,1717156525,PRIVATE,Yes
Comilla,Comilla Adarsha Sadar,134149,ETHNICA. AN ENGLISH MEDIUM SCHOOL,"39/33, COURT ROAD, CUMILLA",COMILLA,1911723090,PRIVATE,No
Comilla,Comilla Adarsha Sadar,134792,MASTER MISSION SCHOOL,JAMBARI,ELASHPUR,1309134792,PRIVATE,No
Comilla,Comilla Adarsha Sadar,136314,SHEIKH FAZILATUNNESA MODERN HIGH SCHOOL,RAMMALA ROAD,CUMILLA,1309136314,PRIVATE,No
Comilla,Comilla Adarsha Sadar,137841,HARUN GOVT. PRIMARY SCHOOL,CHANDPUR,COMILLA,1309137841,GOVERNMENT PRIMARY,No
Comilla,Comilla Adarsha Sadar,138556,SANGRAIASH GOVT PRIMARY SCHOOL,16,CUMILLA,1855959474,GOVERNMENT PRIMARY,No
Comilla,Comilla Adarsha Sadar,138641,GULBAGICHA MODEL GOVT PRIMARY SCHOOL,"NAZRUL PARISHAD, DHARMASAGORER UTTAR PAR",COMILLA,1911302737,GOVERNMENT PRIMARY,No
Comilla,Comilla Adarsha Sadar,138815,LITTLE MOON HIGH SCHOOL,DUMORIA CHANDPUR,CUMILLA,1811345977,PRIVATE,No
Comilla,Comilla Adarsha Sadar,138999,YWCA JUNIOR GIRLS HIGH SCHOOL,BADURTOLA,CUMILLA,1928798615,PRIVATE,No
Comilla,Comilla Adarsha Sadar,139218,CUMILLA GRAMMAR SCHOOL,MADINA MASHJID ROAD,CUMILLA,1720575757,PRIVATE,No
Comilla,Laksam,105837,ICHAPURA CENTRAL HIGH SCHOOL,ICHAPURA,SATGAR ICHHAPURA,1728132835,PRIVATE,Yes
Comilla,Laksam,105847,TORAB ALI HIGH SCHOOL,KAGOIA,PANCHTHUBI,1731321763,PRIVATE,Yes
Comilla,Laksam,105854,NAWAB FAIZUNNESSA AND BADRUNNESSA AMAL HIGH SCHOOL,PASCHIMGAON,PASCHIMGAON,1711962552,PRIVATE,Yes
Comilla,Laksam,105855,LAKSAM GOVT. PILOT  HIGH SCHOOL,LAKSAM,LAKSAM,1309105855,PUBLIC,Yes
Comilla,Laksam,105856,A MALEK INSTITUTION,BARATUPA,LAKSAM,1727296640,PRIVATE,Yes
Comilla,Laksam,105857,LAKSAM PILOT GIRLS HIGH SCHOOL, UTTAR LAKSAM,LAKSAM,1716871381,PRIVATE,Yes
Comilla,Laksam,105864,MELLA J.C.C.K. HIGH SCHOOL,MELLA,MELLA BAZAR,1732387018,PRIVATE,Yes
Comilla,Laksam,105867,NORPATI ML. HIGH SCHOOL,NORPATI,DOMBARIA,1712897695,PRIVATE,Yes
Comilla,Laksam,105868,RAJAPUR HIGH SCHOOL,RAJAPUR,RAJAPUR,1309105868,PRIVATE,Yes
Comilla,Laksam,105869,SREEYANG ALHAZ SIDDIKUR RAHMAN HIGH SCHOOL,SREEYANG,SREEYANG,1731963227,PRIVATE,Yes
Comilla,Laksam,105870,UTTAR DA HIGH SCHOOL,UTTARDA,UTTARDA,1740460859,PRIVATE,Yes
Comilla,Laksam,105875,JALAL MEMORIAL HIGH SCHOOL, LAKSHMIPUR,PANCHTHUBI,1714653225,PRIVATE,Yes
Comilla,Laksam,105876,BAROI GAON GIRLS HIGH SCHOOL,BARAIGAON,BHORAZAGATPUR,1816083010,PRIVATE,Yes
Comilla,Laksam,105878,BHAKADDA HIGH SCHOOL,BHAKADDA,AUSHPARA,1757664159,PRIVATE,Yes
Comilla,Laksam,105880,SHAHID ABUL KHAIR HIGH SCHOOL,KAMODDA,AUSHPARA,1791229980,PRIVATE,Yes
Comilla,Laksam,105887,AL AMIN INSTITUTE,PASCHIMGAON,PASCHIMGAON,1309105887,PRIVATE,Yes
Comilla,Laksam,105890,GOBINDAPUR UNION HIGH SCHOOL,LOKHIPUR,RAY GOBINDAPUR,1715919939,PRIVATE,Yes
Comilla,Laksam,105892,JYOTIPAL MAHATHRO BUDDHIST ORPHANGE H/S,BARAIGAON,BHORAJAGATPUR,1719159054,PRIVATE,Yes
Comilla,Laksam,105894,ASHWODIA IDEAL  HIGH SCHOOL,ASHWODIA,HAZIPUR,1703924236,PRIVATE,Yes
Comilla,Laksam,137511,UTTERKUL GOVT. PRIMARY SCHOOL,UTTERKUL,DOMBARIA,1725882448,GOVERNMENT PRIMARY,No
Comilla,Laksam,139413,MD ABUL KALAM HIGH SCHOOL,PASAPUR,MUDAFARGANJ,1725323334,PRIVATE,No
Comilla,Lalmai,105838,CHOTO SHARIFPUR MULT. HIGH SCHOOL,BARAIPUR,CHOTA SHARIFPUR,1715981143,PRIVATE,Yes
Comilla,Lalmai,105840,KANOKSREE HIGH SCHOOL,KANOKSREE,RAMABALLABHPUR,1729131615,PRIVATE,Yes
Comilla,Lalmai,105841,RAHMAT ALI MIAZI HIGH SCHOOL,HALDIA,BAGMARA,1814237060,PRIVATE,Yes
Comilla,Lalmai,105843,SARDAR HOSSAIN ALI HIGH SCHOOL,NAWRA,BAGMARA,1712985336,PRIVATE,Yes
Comilla,Lalmai,105845,SHASANPAR HIGH SCHOOL,SHASANPAR,ATITI BAZAR,1715260898,PRIVATE,Yes
Comilla,Lalmai,105851,PERUL GIRLS HIGH SCHOOL,PERUL ,BHORAJAGATPUR,1819427813,PRIVATE,Yes
Comilla,Lalmai,105852,MATAINKOT HIGH SCHOOL,MATAINKOT,ALISWAR,1819428662,PRIVATE,Yes
Comilla,Lalmai,105858,BAGMARA  HIGH SCHOOL,SAYED PUR,BAGMARA,1705405164,PRIVATE,Yes
Comilla,Lalmai,105860,GAIAR BHANGA HIGH SCHOOL,GAIAR BHANGA,GAIAR BHANGA BAZAR,1817614997,PRIVATE,Yes
Comilla,Lalmai,105863,SHAKERA R.A HIGH SCHOOL,SHAKERA,SHAKERA DARBAR SHARIF,1712818138,PRIVATE,Yes
Comilla,Lalmai,105873,HAZT  KHOLA HIGH SCHOOL,MAHISHBANDHA,HAZOT KHOLA,1818185973,PRIVATE,Yes
Comilla,Lalmai,105874,JAMUA HIGH SCHOOL,JAMUA,CHOTO SARIFPUR,1714470436,PRIVATE,Yes
Comilla,Lalmai,105879,PARATI HIGH SCHOOL,PARATI,PARATI VASANI MARKET,1309105879,PRIVATE,Yes
Comilla,Lalmai,105881,PREMNOL HIGH SCHOOL,PREMNOL,PREMNOL,1819967182,PRIVATE,Yes
Comilla,Lalmai,105883,BAGMARA GIRL'S HIGH SCHOOL,SAYED PUR,BAGMARA,1919466477,PRIVATE,Yes
Comilla,Lalmai,105884,ALISWAR ADARSHA HIGH SCHOOL,ALISWAR,ALISWAR,1718749610,PRIVATE,Yes
Comilla,Lalmai,105885,DAULAT PUR HIGH SCHOOL,DOULAT PUR,UTTAR JOYKAMTA,1716430294,PRIVATE,Yes
Comilla,Lalmai,105888,HAZI RUSTOM ALI GIRLS HIGH SCHOOL,JALGOAN,DOMBARIA,1712098213,PRIVATE,Yes
Comilla,Lalmai,105893,SHEIKH REHANA HAQUE JUNIOR SCHOOL,AJABPUR,JUKTIKHOLA,1717992322,PRIVATE,Yes
Comilla,Lalmai,105896,SURUJ MEMORIAL HIGH SCHOOL,BELGHOR,TULATALI BELGHAR,1638083964,PRIVATE,Yes
Comilla,Lalmai,133887,KOLOMIA   GIRLS HIGH SCHOOL,KOLOMIA,CHOTA SHORIFPUR,1309133887,PRIVATE,No
Comilla,Lalmai,137525,VHOLOIN GOVT. PRIMARY SCHOOL,VHOLOIN,CHOTSHARIFPUR,1716139625,GOVERNMENT PRIMARY,No
Comilla,Monohargonj,105832,ASHIRPAR HIGH SCHOOL,ASHIRPAR,DAKSHIN CHANDPUR,1721466234,PRIVATE,Yes
Comilla,Monohargonj,105833,JANATA BAZAR SOLAIMAN HIGH SCHOOL,SHOROSHPUR,SHOROSHPUR,1710847928,PRIVATE,Yes
Comilla,Monohargonj,105834,BURPRIST HIGH SCHOOL,BURPRIST,NOAGAON,1710743212,PRIVATE,Yes
Comilla,Monohargonj,105835,LAKSHMANPUR NURUL HUQ ML HIGH SCHOOL,LAKSHMANPUR,LAKSHMANPUR,1309105835,PRIVATE,Yes
Comilla,Monohargonj,105836,BARA KESHTALA B.L.HIGH SCHOOL,BARA KESHTALA HIGH SCHOOL,AMTALI BAZAR,1309105836,PRIVATE,Yes
Comilla,Monohargonj,105839,LAL CHANDPUR HIGH SCHOOL,LALCHANDPUR,LAL CHANDPUR,1740460647,PRIVATE,Yes
Comilla,Monohargonj,105842,UTTAR HOWLA HIGH SCHOOL,UTTAR HOWLA,UTTAR HOWLA,1914593422,PRIVATE,Yes
Comilla,Monohargonj,105844,SHARIFPUR SAZEDUL HOQUE HIGH SCHOOL,SARIFPUR,CHITOSHI,1309105844,PRIVATE,Yes
Comilla,Monohargonj,105846,ALI NAKIPUR MULTILATERAL HIGH SCHOOL,ALINAKIPUR,HASNABAD,1718982584,PRIVATE,Yes
Comilla,Monohargonj,105849,BIPULASAR AHMED ULLAH HIGH SCHOOL,BIPULASAR,BIPULASAR,1309105849,PRIVATE,Yes
Comilla,Monohargonj,105850,DAKHIN BATABARIA BANGOBANDHU HIGH SCHOOL,DAKHIN BATABARIA,SARASPUR,1309105850,PRIVATE,Yes
Comilla,Monohargonj,105853,NORHORIPUR  DEBPUR  HIGH SCHOOL,DEBPUR,NORHORIPUR,1916944890,PRIVATE,Yes
Comilla,Monohargonj,105859,POMGAON HIGH SCHOOL,POMGAON,POMGAON,1721610894,PRIVATE,Yes
Comilla,Monohargonj,105861,MIRZAPUR SATPUKURIA HIGH SCHOOL,SATPUKURIA,CHITOSHI,1309105861,PRIVATE,Yes
Comilla,Monohargonj,105865,NATHEPETUA MULT HIGH SCHOOL,NATHEPETUA,NATHERPETUA,1715502632,PRIVATE,Yes
Comilla,Monohargonj,105866,AMTALI HIGH SCHOOL,AMTALI ,AMTALI,1715252156,PRIVATE,Yes
Comilla,Monohargonj,105871,KHILA AZIZULLAH HIGH SCHOOL,KHILA,IQBAL NAGAR,1309105871,PRIVATE,Yes
Comilla,Monohargonj,105872,MANDER GAON HIGH SCHOOL,MANDER GAON,DADGHOR,1758218760,PRIVATE,Yes
Comilla,Monohargonj,105877,MIRZAPUR HIGH SCHOOL,MIRZAPUR,NAR HARIPUR,1722756245,PRIVATE,Yes
Comilla,Monohargonj,105882,SHAIKCHAIL HIGH SCHOOL,LAKSAM NOAKHALI SHAIHCHAIL ROAD,BIPULASAR,1309105882,PRIVATE,Yes
Comilla,Monohargonj,105886,HATIMARA HIGH SCHOOL,HATIMARA,NATHER PETUA,1712451629,PRIVATE,Yes
Comilla,Monohargonj,105891,BORALLA HIGH SCHOOL,BORALLA,UTTAR HAWLA,1720176458,PRIVATE,Yes
Comilla,Monohargonj,105895,BHOGAI ADARSHA HIGH SCHOOL,BHOGAI,BHOGAI,1309105895,PRIVATE,Yes
Comilla,Monohargonj,105897,COMPANY BAZAR JANANI BIDDYA NEKATON,BOROCHADPUR,SARASPUR,1309105897,PRIVATE,Yes
Comilla,Monohargonj,105900,NAYAN PUR POLLY MONGAL HIGH SCHOOL,NAYANPUR,BAISGAON,1746364151,PRIVATE,Yes
Comilla,Monohargonj,137523,ASHIADARY GOVT. PRIMARY SCHOOL,ASHIADARY,NOWAGAON,1712820507,GOVERNMENT PRIMARY,No
Comilla,Monohargonj,138852,SHAHID MUKTIJUDDA SOLAIMAN MOSTAFA SMRITE HIGH SCHOOL,GAJRAPARA,AMTALI BAZAR,1916483929,PRIVATE,No
Comilla,Meghna,105967,MANIKER CHAR L.L MODEL HIGH SCHOOL,MANIKERCHAR,MEGHNA,1842321732,PRIVATE,Yes
Comilla,Meghna,105969,MUGARCHAR K. ALI HIGH SCHOOL,MUGARCHAR,MUGARCHAR,1720218109,PRIVATE,Yes
Comilla,Meghna,105970,MANIKERCHAR SHAHERA LATIF MEMORIAL GIRLS HIGH SCHOOL,MANIKERCHAR,MEGHNA,1309105970,PRIVATE,Yes
Comilla,Meghna,105971,GOVT. DAULAT HOSSAIN MULTILATERAL HIGH SCHOOL,MOHESHKHOLA,MIRZANAGAR,1716963282,PUBLIC,Yes
Comilla,Meghna,105973,SONAR CHAR HIGH SCHOOL, SONAR CHAR,GOBINDAPUR,1824865112,PRIVATE,Yes
Comilla,Meghna,105974,CHANDANPUR M A HIGH SCHOOL,CHANDAN PUR,CHANDANPUR,1309105974,PRIVATE,Yes
Comilla,Meghna,131233,SHEKHERGAON ABDUL WADUD MUNSHI HIGH SCHOOL,SHEKHER GAON,LUTER CHAR,1309131233,PRIVATE,Yes
Comilla,Meghna,131267,LUTAR CHAR MOFIZUL ISLAM HIGH SCHOOL,LUTAR CHAR,LUTER CHAR,1309131267,PRIVATE,Yes
Comilla,Meghna,136756,MEGHNA UPZILA IDEAL HIGH SCHOOL,BHAWORKHOLA,SHIBNAGAR,1309136756,PRIVATE,No
Comilla,Meghna,137522,CHALI VANGA GOVT. PRIMARY SCHOOL,CHALI VANGA,SHIBNAGAR,1921005344,GOVERNMENT PRIMARY,No
Comilla,Meghna,138348,ANSAR ALI ADARSHA JUNIOR HIGH SCHOOL,TITIRCHAR,CHANDANPUR,1718195747,PRIVATE,No
Comilla,Muradnagar,105978,MOHAMMADPUR RAHAT ALI BHUIYAN HIGH SCHOOL,MOHAMMADPUR,SONAKANDA,1714372309,PRIVATE,Yes
Comilla,Muradnagar,105979,HARPAKNA FAZILATUN NESSA GIRLS HIGH SCHOOL,HARPAKNA,PACH KITTA,1712116085,PRIVATE,Yes
Comilla,Muradnagar,105980,MOCHAGARA ADARSHA HIGH SCHOOL,JATRAPUR,JATRAPUR,1816311570,PRIVATE,Yes
Comilla,Muradnagar,105981,KAMARCHAR HIGH SCHOOL,KAMARCHAR,KAMALLA,1671803201,PRIVATE,Yes
Comilla,Muradnagar,105982,GB.D AMIR HAMJA HIGH SCHOOL,DOIARA,GANDRA,1827582030,PRIVATE,Yes
Comilla,Muradnagar,105983,BABUTIPARA  GIRLS HIGH  SCHOOL,BABUTIPARA GIRL'S HIGH SCHOOL ,ELLIOTGONG,1732815846,PRIVATE,Yes
Comilla,Muradnagar,105984,KURAKHAL HIGH SCHOOL,KURAKHAL,ROACHALA,1716040781,PRIVATE,Yes
Comilla,Muradnagar,105985,BANGORA UMALOCAN HIGH SCHOOL,BANGORA,BANGORA,1918941479,PRIVATE,Yes
Comilla,Muradnagar,105986,AKUB PUR EAKUB ALI BUYAIN PUBLIC HIGH SCHOOL,AKUBPUR,GAZIPUR ,1309105986,PRIVATE,Yes
Comilla,Muradnagar,105987,METONGGHAR BARRISTER RAFIQUL ISLAM MIA HIGH SCHOOL,METONGHAR,PANDUGHAR,1715292529,PRIVATE,Yes
Comilla,Muradnagar,105988,SREERAMPUR R I GIRLS HIGH SCHOOL,SREERAMPUR,PAK GAZIPUR,1728355191,PRIVATE,Yes
Comilla,Muradnagar,105989,PIRKASHIMPUR R.N. HIGH SCHOOL,PIRKASHIMPUR,PIRKASHIMPUR,1309105989,PRIVATE,Yes
Comilla,Muradnagar,105990,CHANDANAIL MADHAMIK BIDDALAY,CHANDANAIL,CHANDANAIL,1721378807,PRIVATE,Yes
Comilla,Muradnagar,105991,HAIDARABAD HAJI E.A.B.HIGH SCHOOL,HAIDARABAD,HAIDARABAD,1309105991,PRIVATE,Yes
Comilla,Muradnagar,105992,BHOBANGAR NAHAL A.B.S. HIGH SCHOOL,BHOBANGAR,MURADNAGAR,1716026266,PRIVATE,Yes
Comilla,Muradnagar,105993,RAMCHNDRAPUR R.K HIGH SCHOOL,AMIN NAGAR,RAMCHANDRAPUR,1714415941,PRIVATE,Yes
Comilla,Muradnagar,105994,TAYMOS BEGUM HIGH SCHOOL,ALIRCHAR,SURESHWARDI,1309105994,PRIVATE,Yes
Comilla,Muradnagar,105995,BALIGHAR HUJURI SHAH HIGH SCHOOL,BALIGHAR,PAK BALIGAR,1819061797,PRIVATE,Yes
Comilla,Muradnagar,105996,GHORASHAL ALHAJ RAQUIB UDDIN AHMED GIRLS HIGH  SCHOOL,GHORASHAL,GHORASHAL MADRASHA,1309105996,PRIVATE,Yes
Comilla,Muradnagar,105997,MURAD NAGAR NOURUNNAHAR GIRLS HIGH SCHOOL,NIMIKANDY,MURADNAGAR,1719903857,PRIVATE,Yes
Comilla,Muradnagar,105998,COMPANIGONJ BADIUL ALAM HIGH SCHOOL,UTTAR TRISH,COMPANIGONJ,1817085424,PRIVATE,Yes
Comilla,Muradnagar,105999,D.R. GOVT. HIGH SCHOOL,KISMATPUR NABIPUR,MURADNAGAR,1309105999,PUBLIC,No
Comilla,Muradnagar,106000,GOMTA ISHAKIA HIGH SCHOOL,GOMTA,ELLIOTGONJ,1718023934,PRIVATE,Yes
Comilla,Muradnagar,106001,GHORASHAL ABDUL KARIM HIGH SCHOOL,GHORASHAL,GOHRASHAL MADRASAH,1911295665,PRIVATE,Yes
Comilla,Muradnagar,106002,BANSKAIT P.J.HIGH SCHOOL,BANSKAIT,BANSKAIT,1723343380,PRIVATE,Yes
Comilla,Muradnagar,106003,SREEKAIL KRISNA KUMAR HIGH SCHOOL,SREEKAIL-7,SREEKAIL,1819058229,PRIVATE,Yes
Comilla,Muradnagar,106004,KAMALLA D.R.S HIGH SCHOOL,KAMALIA,KAMALLA,1716185128,PRIVATE,Yes
Comilla,Muradnagar,106005,ANDIKOT SAYED GOLAM JILANI HIGH SCHOOL,ANDIKOT,SIDDHIGONJ,1724629521,PRIVATE,Yes
Comilla,Muradnagar,106006,PANCHPUKURIA BAZAR HIGH SCHOOL,PANCHPUKURIA BAZAR,PANCHPUKURIA BAZAR (3519),1722297829,PRIVATE,Yes
Comilla,Muradnagar,106007,KURBANPUR G.M HIGH SCHOOL,KURBANPUR,KORBANPUR,1712496375,PRIVATE,Yes
Comilla,Muradnagar,106008,JATRAPUR A. K. HIGH SCHOOL,JATRAPUR,JATARAPUR,1740843510,PRIVATE,Yes
Comilla,Muradnagar,106009,GANGER KOT HIGH SCHOOL,GANGER KOT,GANGERKOT,1818969250,PRIVATE,Yes
Comilla,Muradnagar,106010,PRAMTALA SABDAR KHAN HIGH SCHOOL,PARAMTALA,PARAMTALA,1819072543,PRIVATE,Yes
Comilla,Muradnagar,106011,AZIFA KHATOON HIGH SCHOOL,CHAPITALA,CHAPITALA,1722461800,PRIVATE,Yes
Comilla,Muradnagar,106012,BISHNUPUR HIGH SCHOOL,BISHNUPUR,PAK GAZIPUR,1309106012,PRIVATE,Yes
Comilla,Muradnagar,106013,DARORA DINESH CHANDRA HIGH SCHOOL,DARORA,DARORA,1309106013,PRIVATE,Yes
Comilla,Muradnagar,106014,AKBBARER NESA GIRLS HIGH SCHOOL,RAMCHANDRAPUR-MURADNAGAR ROAD,RAMCHANDRA PUR,1717107620,PRIVATE,Yes
Comilla,Muradnagar,106015,PANCHKITTA HIGH SCHOOL,PANCHKITTA,PACHKINTA,1939566724,PRIVATE,Yes
Comilla,Muradnagar,106016,NAZAM UDDIN BHUIYAN GIRLS HIGH SCHOOL,SREEKAIL,SREEKAIL,1711270653,PRIVATE,Yes
Comilla,Muradnagar,106017,CHLIA KANDI INDROBHUSAN HIGH SCHOOL,CHALIAKANDI,CHALIAKANDI,1814162546,PRIVATE,Yes
Comilla,Muradnagar,106018,BEGUM JAHANARA HAQUE GIRLS HIGH SCHOOL,HAIDARABAD,HAIDARABAD,1739562864,PRIVATE,Yes
Comilla,Muradnagar,106019,BAKHAR NAGAR UCHHA BIDYA NIKETAN,BAKHAR NAGAR,BAKHARNAGAR,1721709262,PRIVATE,Yes
Comilla,Muradnagar,106020,JANGAL BADSHA MIA IDEL GIRLS HIGH SCHOOL,JANGAL,GAZIPUR,1732959933,PRIVATE,Yes
Comilla,Muradnagar,106021,URISWAR GIRLS HIGH SCHOOL,URISWAR,BANSKAIT,1812059142,PRIVATE,Yes
Comilla,Muradnagar,106022,HANIF SARKER HIGH SCHOOL,TANKI,TANKI,1818976917,PRIVATE,Yes
Comilla,Muradnagar,106023,PAYAB  HAJI  ABDUL  GHANI  HIGH  SCHOOL,PAYAB,DARORA,1815443461,PRIVATE,Yes
Comilla,Muradnagar,106024,DHAMGAR ADARSHA HIGH SCHOOL,DHAMGAR,MURADNAGAR,1715722551,PRIVATE,Yes
Comilla,Muradnagar,106025,KAZIATAL RAHIM RAHMAN MOLLA HIGH SCHOOL,KAZIATAL,KAZIATAL,1714469811,PRIVATE,Yes
Comilla,Muradnagar,106027,NARGIS NAZRUL BIDHYA NIKETAN,BANGARA BAZAR THANA,BANGARA,1309106027,PRIVATE,Yes
Comilla,Muradnagar,131199,D D S Y HIGH SCHOOL,DHANIRAMPUR,GHORASHAL MADRASHA,1818977059,PRIVATE,No
Comilla,Muradnagar,134908,HATASH ADRASHA  F.I JUNIOR SCHOOL,HATASH,BANG GORA,1710385908,PRIVATE,No
Comilla,Muradnagar,136775,SAIN UDDIN SARKER JUNIOR SCHOOL,KRISHNAPUR,KRISHNAPUR,1722108277,PRIVATE,No
Comilla,Muradnagar,137513,62NO. TANKI GOVT. PRIMARY SCHOOL,TANKI,TANKI,1818587077,GOVERNMENT PRIMARY,No
Comilla,Muradnagar,137857,GUNJAR (N) GOVT. PRIMARY SCHOOL,GUNJAR,COMPANYGONJ,1716498118,GOVERNMENT PRIMARY,No
Comilla,Muradnagar,138284,PANDUGHAR SAMSUDDIN AHAMMAD BHUIYAN JUNIOR HIGH SCHOOL,PANDUGHAR,PANDUGHAR,1746213781,PRIVATE,No
Comilla,Muradnagar,139276,SUSUNDA H R B JUNIOR HIGH SCHOOL,SUSUNDA,SUSUNDA,1641323652,PRIVATE,No
Comilla,Nangalkot,106073,SONDAIL HIGH SCHOOL,SONDAIL,SONDAIL,1715277096,PRIVATE,Yes
Comilla,Nangalkot,106074,NANGALKOT A.R. MODEL GOVT. HIGH SCHOOL,HORIPUR /18 LAKSAM,NANGALKOT,1714269898,PUBLIC,Yes
Comilla,Nangalkot,106075,BELGHOR GOSAI  BAZAR HIGH SCHOOL,BELGHOR,BELGHAR GOSAI BAZAR,1818974781,PRIVATE,Yes
Comilla,Nangalkot,106076,UTTAR SHAKTOLI ADARSHA  HIGH SCHOOL,UTTAR SHAKTOLI,PERIA BAZAR,1876456613,PRIVATE,Yes
Comilla,Nangalkot,106077,BATTALIA A. MOTIN HIGH SCHOOL,KASHIPUR,BATALI BAZAR,1788360032,PRIVATE,Yes
Comilla,Nangalkot,106078,BAIARA ZAINAL HIGH SCHOOL,BAIARA,BAIARA  BAZAR,1716512967,PRIVATE,Yes
Comilla,Nangalkot,106079,SIZIARA  HIGH SCHOOL,SIZIARA,SIJIARA,1709264708,PRIVATE,Yes
Comilla,Nangalkot,106080,PERIA HIGH SCHOOL,PERIA,PERIA,1712913104,PRIVATE,Yes
Comilla,Nangalkot,106081,DOULKHAR HIGH SCHOOL,DOULKHAR HIGH SCHOOL,DAULKHAR,1732284631,PRIVATE,Yes
Comilla,Nangalkot,106082,MAYURA HIGH SCHOOL,MAJHI PARA,MAYURA,1814232078,PRIVATE,Yes
Comilla,Nangalkot,106084,PANKARA HAFAJA HIGH SCHOOL,PANKARA,CHODIA BAZAR,1819511413,PRIVATE,Yes
Comilla,Nangalkot,106085,NISCHINTAPUR ABDUL GAFOR BHUIYAN HIGH SCHOOL,NISCHINTAPUR,SONDAIL,1911467136,PRIVATE,Yes
Comilla,Nangalkot,106086,CHOWKURI HIGH SCHOOL,CHOWKURI,MANNARA BAZAR,1714436838,PRIVATE,Yes
Comilla,Nangalkot,106087,BEGUM JAMILA MEMURIAL  GIRLS HIGH SCHOOL,NANGOLKOTE MAHINI ROAD,NANGALKOT,1309106087,PRIVATE,Yes
Comilla,Nangalkot,106088,KAKAIRTALA HIGH SCHOOL,KAKAIRTALA,BARO SANGIWSAR ,1817106831,PRIVATE,Yes
Comilla,Nangalkot,106089,BAKSHA GONJ HIGH SCHOOL,KOKALI,HUCAHA MIA,1824558007,PRIVATE,Yes
Comilla,Nangalkot,106090,SHAKTALI HIGH SCHOOL,SHAKTALI,ALIGOANJ BAZAR,1811932778,PRIVATE,Yes
Comilla,Nangalkot,106091,DHALUA HIGH SCHOOL,DAKSHIN BADARPUR,DHALUA ,1711711821,PRIVATE,Yes
Comilla,Nangalkot,106093,DAYEM CHATI HIGH SCHOOL,DAYEM CHATI,DAYEM CHATI BAZAR,1719325894,PRIVATE,Yes
Comilla,Nangalkot,106094,MOKRABPUR HIGH SCHOOL,MOKRABPUR,MOKRABPUR  BAZAR,1766002615,PRIVATE,Yes
Comilla,Nangalkot,106095,HESAKHAL BAZAR HIGH SCHOOL,HESAKHAL,HESAKHAL  BAZAR,1309106095,PRIVATE,Yes
Comilla,Nangalkot,106096,LAKSHMI PADUA RAHAMATIA HIGH SCHOOL,LAKSHMI PADUA,BANGADA BAZAR,1720533056,PRIVATE,Yes
Comilla,Nangalkot,106097,MAHINI HIGH SCHOOL,MAHINI,MAHINI  BAZAR,1819384693,PRIVATE,Yes
Comilla,Nangalkot,106098,SATBARIA HIGH SCHOOL,SATBARIA,SATBARIA BAZAR,1812988122,PRIVATE,Yes
Comilla,Nangalkot,106099,SREEFOLIA HIGH SCHOOL,SREEFOLIA,ASHARKOTA,1309106099,PRIVATE,Yes
Comilla,Nangalkot,106100,JODDA BAZAR PUBLIC HIGH SCHOOL,JODDA,JODDA BAZAR,1816105173,PRIVATE,Yes
Comilla,Nangalkot,106101,BARA SANGISHWAR BALIKA BIDUYANIKATAN,BORO SANGISHWAR,BARA SANGISHWAR,1819169290,PRIVATE,Yes
Comilla,Nangalkot,106102,PUZKARA ADARSHA HIGH SCHOOL,PUZKARA,PUJKARA,1940584232,PRIVATE,Yes
Comilla,Nangalkot,106103,AZIARA HIGH SCHOOL,AZIARA,AZIARA BAZAR,1309106103,PRIVATE,Yes
Comilla,Nangalkot,106104,TULATOLI HIGH SCHOOL,TULATOLI,BELTA,1715412754,PRIVATE,Yes
Comilla,Nangalkot,106105,JHIKATIA ISHAQ MOZUMDER IDEAL GIRLS  H.SCHOOL,MONTALI,MONTALI BAZAR,1819644505,PRIVATE,Yes
Comilla,Nangalkot,106106,CHATITALA HIGH SCHOOL,CHATITALA,GHORAMAYDAN,1309106106,PRIVATE,Yes
Comilla,Nangalkot,106107,CHANDGORA HIGH SCHOOL,CHANDGORA,CHANDGORA,1818714013,PRIVATE,Yes
Comilla,Nangalkot,106108,BAKSHAGONJ GIRLS HIGH SCHOOL,à¦•à§‹à¦•à¦¾à¦²à§€,à¦¹à§à¦šà§à¦›à¦¾ à¦®à¦¿à§Ÿà¦¾,1309106108,PRIVATE,Yes
Comilla,Nangalkot,106109,AL-HAJ SALAMAT ULLAH HIGH SCHOOL,MANNARA,MANNARA BAZAR,1819104689,PRIVATE,Yes
Comilla,Nangalkot,106110,GHORA MAIDAN JUNIOR SECONDARY SCHOOL,GHORA MAIDAN,GHORAMAIDAN,1710767482,PRIVATE,Yes
Comilla,Nangalkot,106111,ISLAM PUR HIGH SCHOOL,BHULUYAPARA,NANGALKOT,1819877213,PRIVATE,Yes
Comilla,Nangalkot,106112,KANDAL IDEAL GIRLS HIGH SCHOOL,KANDAL,TP LAMUA,1726289994,PRIVATE,Yes
Comilla,Nangalkot,106114,GOTROSHAL JUNIOR HIGH SCHOOL,GOTROSHAL,NANGALKOT,1818915496,PRIVATE,Yes
Comilla,Nangalkot,131214,AL-FARUQ ACCADEMY JUNIOR SCHOOL,PURBO DAYARA,NANGALKOT,1715193575,PRIVATE,No
Comilla,Nangalkot,131255,IQRA ACADEMY,PORIKOT,BANGODDA,1813782819,PRIVATE,No
Comilla,Nangalkot,131301,ALHERA HOSIN BIN SALHA ACADAME,SIJIARA,SIJIARA,1710980698,PRIVATE,No
Comilla,Nangalkot,131423,ANOWARA  KABIR ADARSHA JUNIOR HIGH SCHOOL,ASTAGRAM,AG  MIAR BAZAR,1812856873,PRIVATE,Yes
Comilla,Nangalkot,134913,NANGALKOT RESIDENTIAL SCHOOL,PURBA DOUARA,NANGALKOT,1751806005,PRIVATE,No
Comilla,Nangalkot,136731,MOKARA JOBAIDA HAMID JUNIOR SCHOOL,MOKARA,MOKARA,1815323525,PRIVATE,No
Comilla,Nangalkot,137521,RAYKOT GOVT. PRIMARY SCHOOL,RAYKOT,MAHINI BAZAR,1309137521,GOVERNMENT PRIMARY,No
Comilla,Nangalkot,139386,NANGALKOT SHISHU KOLLAYAN JUNIOR SCHOOL,HORIPUR,NANGALKOT,1616738111,PRIVATE,No
Comilla,Titas,105522,UNION TECHNICAL HIGH SCHOOL,KALIR BAZAR/4330,SATANI,1309165414,PRIVATE,Yes
Comilla,Titas,105528,NARANDIA KALIMIAH HIGH SCHOOL,NARANDIA,NARANDIA,1813778656,PRIVATE,Yes
Comilla,Titas,105529,KESHABPUR GIRLS HIGH SCHOOL,KESHABPUR,BATAKANDI,1920766723,PRIVATE,Yes
Comilla,Titas,105532,BATAKANDI SARKAR SHAHEB ALI ABUL HOSSAIN MEMORIAL HIGH SCHOOL,BATAKANDI,BATAKANDI,1818550081,PRIVATE,Yes
Comilla,Titas,105537,JONAB ALI HIGH SCHOOL,DULARAMPUR,ISLAMBAD,1818929492,PRIVATE,Yes
Comilla,Titas,105540,LALPUR NAZRUL ISLAM HIGH SCHOOL,LALPUR,GOURIPUR,1819194618,PRIVATE,Yes
Comilla,Titas,105541,JAGATPUR SADHANA HIGH SCHOOL,JAGATPUR,JAGATPUR,1819137049,PRIVATE,Yes
Comilla,Titas,105543,MACHHIMPUR R. R. INSTITUTION,MACHIMPUR,MACHHIMPUR,1819841639,PRIVATE,Yes
Comilla,Titas,105550,MOZIDPUR HIGH SCHOOL,MOZIDPUR HIGH SCHOOL,MOZIDPUR HIGH SCHOOL,1913127294,PRIVATE,Yes
Comilla,Titas,105555,GOPALPUR DR.MOSHARROF HOSSAIN HIGH SCHOOL,GOPAL PUR,GOPALPUR,1866047707,PRIVATE,Yes
Comilla,Titas,131190,KAPASH KANDI MODEL ACADEMY,KAPASH KANDI,KARIKANDI,1877996807,PRIVATE,No
Comilla,Titas,137010,BEGUM FAZILATUNNESA SCHOOL,RAGHUNATHPUR SATANI,SALIAKANDI,1956604341,PRIVATE,No
Comilla,Titas,137524,ZEARKANDI GOVT. PRIMARY SCHOOL,ZEARKANDI,GOURIPUR,1819111014,GOVERNMENT PRIMARY,No
Comilla,Titas,138425,KATHALIA JUNIOR HIGH SCHOOL,CHAR KUMARIA,1NO SATANI,1817071050,PRIVATE,No